-- phpMyAdmin SQL Dump
-- version 5.1.1
-- https://www.phpmyadmin.net/
--
-- Máy chủ: 127.0.0.1
-- Thời gian đã tạo: Th5 11, 2022 lúc 07:07 PM
-- Phiên bản máy phục vụ: 10.4.19-MariaDB
-- Phiên bản PHP: 8.0.7

SET SQL_MODE = "NO_AUTO_VALUE_ON_ZERO";
START TRANSACTION;
SET time_zone = "+00:00";


/*!40101 SET @OLD_CHARACTER_SET_CLIENT=@@CHARACTER_SET_CLIENT */;
/*!40101 SET @OLD_CHARACTER_SET_RESULTS=@@CHARACTER_SET_RESULTS */;
/*!40101 SET @OLD_COLLATION_CONNECTION=@@COLLATION_CONNECTION */;
/*!40101 SET NAMES utf8mb4 */;

--
-- Cơ sở dữ liệu: `sitephim`
--

-- --------------------------------------------------------

--
-- Cấu trúc bảng cho bảng `comment`
--

CREATE TABLE `comment` (
  `id` int(11) NOT NULL,
  `name_cmt` varchar(255) NOT NULL,
  `detail_cmt` text NOT NULL,
  `ip_address` varchar(255) NOT NULL,
  `time_cmt` datetime DEFAULT NULL,
  `film` int(11) NOT NULL
) ENGINE=InnoDB DEFAULT CHARSET=utf8mb4;

--
-- Đang đổ dữ liệu cho bảng `comment`
--

INSERT INTO `comment` (`id`, `name_cmt`, `detail_cmt`, `ip_address`, `time_cmt`, `film`) VALUES
(26, 'nhật', 'phim hay quá', '::1', '2021-09-09 21:36:03', 41),
(27, 'hihi', 'hay', '::1', '2021-09-21 22:55:01', 18);

-- --------------------------------------------------------

--
-- Cấu trúc bảng cho bảng `episode`
--

CREATE TABLE `episode` (
  `id` int(11) NOT NULL,
  `episode_name` varchar(255) NOT NULL,
  `player` varchar(255) NOT NULL,
  `movie` int(11) NOT NULL
) ENGINE=InnoDB DEFAULT CHARSET=utf8mb4;

--
-- Đang đổ dữ liệu cho bảng `episode`
--

INSERT INTO `episode` (`id`, `episode_name`, `player`, `movie`) VALUES
(18, '#1', 'https://www.fembed.com/v/6z755u04kg6nxg0', 10),
(19, '#2', 'https://bcove.video/3l0f1l5', 10),
(20, '#3', 'https://ok.ru/videoembed/2675062540900', 10),
(21, '#1', 'https://bcove.video/3eQUzk8', 11),
(22, '#2', 'https://bcove.video/3Df3OFw', 11),
(23, '#1', 'https://bcove.video/3kguRYk', 12),
(24, '#2', 'https://bcove.video/2VjwDPS', 12),
(25, '#1', 'https://short.ink/CTq3mPrC-m', 13),
(26, '#2', 'https://bcove.video/3mtS6Rt', 13),
(27, '#3', 'https://www.fembed.com/v/emlqqc-4z675my3', 13),
(28, '#VIP', 'https://bcove.video/3yO9Nxx', 14),
(35, 'Sever 1', 'https://www.fembed.com/v/wrl7ktng6k5z-33', 18),
(36, 'Sever 2', 'https://short.ink/YIjjsWbVS', 18),
(37, 'Sever 1', '#', 19),
(38, 'Sever VIP', 'https://bcove.video/3D1EORS', 19),
(39, 'Sever 1', 'https://www.fembed.com/v/q3g88ae3nwx-x-3', 20),
(40, 'Sever 2', 'https://bcove.video/3l1YoVT', 20),
(41, 'Sever 3', '//ok.ru/videoembed/3016954284685', 20),
(42, 'Sever VIP', 'https://bcove.video/3z9uODK', 21),
(43, 'Sever VIP', 'https://bcove.video/3y73QeT', 22),
(44, 'Sever VIP', 'https://bcove.video/3gkHS1E', 23),
(45, 'Sever 1', 'https://www.fembed.com/v/r4kmpceg3d0jw38', 24),
(46, 'Sever 2', 'https://short.ink/SHfqbyyqP', 24),
(47, 'Sever 1', 'https://www.fembed.com/v/y1y0nce32qd8xxl', 25),
(48, 'Sever 2', 'https://short.ink/db7Jesg46', 25),
(49, 'Sever VIP', 'https://bcove.video/3j3esXK', 26),
(50, 'Sever 1', '#', 27),
(51, 'Sever 2', 'https://bcove.video/3Bj20uj', 27),
(52, 'Sever 1', 'https://www.fembed.com/v/jyg88td58en6r2l', 28),
(53, 'Sever 2', 'https://short.ink/Y63OdSNhO', 28),
(54, 'Sever 1', 'https://www.fembed.com/v/dz5mmuxdgwg333z', 29),
(55, 'Sever 2', 'https://short.ink/aH-durBiY', 29),
(56, 'Sever 1', 'https://www.fembed.com/v/nng--i2x8rwzn23', 30),
(57, 'Sever 2', 'https://short.ink/TwPLEBUhk', 30),
(58, 'Sever 1', '#', 31),
(59, 'Sever 2', 'https://bcove.video/3ilAraR', 31),
(60, 'Sever 1', 'https://www.fembed.com/v/jyg88td5rz-2m41', 32),
(61, 'Sever 2', 'https://short.ink/QZqAQfdZp', 32),
(62, 'Sever 1', 'https://www.fembed.com/v/nng--i2x54ngynq', 33),
(63, 'Sever 2', 'https://short.ink/Ns4Fhmq08', 33),
(64, 'Sever 1', 'https://www.fembed.com/v/q3g88ae3l54j6xe', 34),
(65, 'Sever 2', 'https://short.ink/2ZuD6BjDe', 34),
(66, 'Sever 1', 'https://www.fembed.com/v/q3g88ae3ry76ejr', 35),
(67, 'Sever 2', 'https://short.ink/EOaAJNzvb', 35),
(68, 'Sever 1', 'https://www.fembed.com/v/jyg88td581ygypj', 36),
(69, 'Sever 2', 'https://short.ink/VeqshGP-f', 36),
(70, 'Sever 1', 'https://www.fembed.com/v/jyg88td581ygypj', 37),
(71, 'Sever 2', 'https://short.ink/Fnru2NUdb', 37),
(72, 'Sever 1', 'https://www.fembed.com/v/r4g88ue45jqklne', 38),
(73, 'Sever 2', 'https://short.ink/06ftrvMTU', 38),
(74, 'Sever 1', 'https://www.fembed.com/v/wrg88fnrk8k-xj8', 39),
(75, 'Sever 2', 'https://short.ink/SZRNS7pzm', 39),
(76, 'Sever 1', 'https://www.fembed.com/v/r4g88ue45jqrz01', 40),
(77, 'Sever 2', 'https://bcove.video/2VZqNTK', 40),
(78, 'Sever 1', 'https://www.fembed.com/v/nng--i2x5457512', 41),
(79, 'Sever 2', 'https://short.ink/w7-nJUDTf', 41),
(80, 'Sever 1', 'https://www.fembed.com/v/zkg88hjkz4xry83', 42),
(81, 'Sever 2', 'https://short.ink/uaLjluRyB', 42),
(82, 'Sever 1', 'https://www.fembed.com/v/-4qddupl3d886nw', 43),
(83, 'Sever 2', 'https://short.ink/yJIh8RCDu', 43),
(84, 'Sever 1', 'https://www.fembed.com/v/emewyh-n5j38e6p', 44),
(85, 'Sever 2', 'https://short.ink/daqsWOPJZ', 44),
(86, 'Sever 1', 'https://www.fembed.com/v/10-ekfj28epk4e8', 45),
(87, 'Sever 2', 'https://short.ink/ftf-5_tro', 45),
(88, 'Sever 1', 'https://bcove.video/3rBGe00', 46),
(89, 'Sever 2', 'https://bcove.video/3BNqJGp', 46),
(90, 'Sever 3', '//ok.ru/videoembed/2786637384202', 46),
(91, 'Sever 1', 'https://www.fembed.com/v/q312ptegxqrqw0l', 47),
(92, 'Sever 2', 'https://short.ink/HdTiWmGABP', 47),
(93, 'Sever 1', 'https://www.fembed.com/v/kx6dma3gqk7x4jy', 48),
(94, 'Sever 2', 'https://short.ink/3ZIn5ML8p', 48),
(95, 'Sever 1', 'https://www.fembed.com/v/y1y0nce3-dldl1g', 49),
(96, 'Sever 2', 'https://short.ink/iAZ79f9ep', 49),
(97, 'Sever 1', 'https://www.fembed.com/v/y1y0nce3-d73kj4', 50),
(98, 'Sever 2', 'https://bcove.video/38QzXFu', 50),
(99, 'Sever 3', '//ok.ru/videoembed/2373049649762', 50),
(100, 'Sever 1', 'https://www.fembed.com/v/dzl-xtxr61jmlp4', 51),
(101, 'Sever 2', 'https://bcove.video/3hcICGV', 51),
(102, 'Sever 3', '//ok.ru/videoembed/2373049059938', 51),
(103, 'Sever 1', 'https://www.fembed.com/v/zkxrecjge1-5qkm', 52),
(104, 'Sever 2', 'https://bcove.video/3taKogn', 52),
(105, 'Sever 3', '//ok.ru/videoembed/2361322244706', 52),
(106, 'Sever 1', 'https://www.fembed.com/v/zkxrecjgele1zkz', 53),
(107, 'Sever 2', 'https://short.ink/Rvf5iIE1E', 53);

-- --------------------------------------------------------

--
-- Cấu trúc bảng cho bảng `film`
--

CREATE TABLE `film` (
  `id` int(11) NOT NULL,
  `fname` varchar(255) NOT NULL COMMENT 'Tên phim',
  `fdescription` text DEFAULT NULL COMMENT 'Mô tả',
  `fthumb` varchar(500) DEFAULT NULL COMMENT 'Ảnh thumbnail',
  `fcategory` varchar(100) DEFAULT NULL COMMENT 'Thể loại phim',
  `fstatus` varchar(255) DEFAULT NULL COMMENT 'Tình trạng phim',
  `fcountry` varchar(255) DEFAULT NULL COMMENT 'Quốc gia',
  `fview` int(11) DEFAULT NULL COMMENT 'Lượt xem',
  `fyear` int(11) DEFAULT NULL COMMENT 'Năm sản xuất',
  `flink` varchar(255) DEFAULT NULL COMMENT 'Link phim',
  `ftag` varchar(255) DEFAULT NULL COMMENT 'Từ khóa liên quan',
  `fnum_episode` int(11) DEFAULT NULL COMMENT 'Số tập',
  `ftype` varchar(25) DEFAULT NULL COMMENT 'Phim bộ hoặc phim lẻ'
) ENGINE=InnoDB DEFAULT CHARSET=utf8mb4;

--
-- Đang đổ dữ liệu cho bảng `film`
--

INSERT INTO `film` (`id`, `fname`, `fdescription`, `fthumb`, `fcategory`, `fstatus`, `fcountry`, `fview`, `fyear`, `flink`, `ftag`, `fnum_episode`, `ftype`) VALUES
(10, 'Bán Đảo Peninsula', 'Là bộ phim được chờ đợi nhất năm 2020, có thể xem nó là hậu truyện bom tấn sau thành công vang dội của Train To Busan được ra mắt vào năm 2016.Train To Busan: Bán đảo Peninsula tiếp tục câu chuyện diễn ra sau 4 năm kể từ khi người dân Hàn Quốc rơi vào cảnh tận thế bởi một căn bệnh lạ không rõ xuất phát từ đâu khiến người mắc phải biến thành “zombie”, đại dịch gần như nuốt chửng Hàn Quốc, con người không thể sống ở đây và bắt buộc phải di tản. Nếu như ở Train To Busan dẫn dắt khán giả đến câu chuyện và diễn cảnh đáng sợ của ngày tận thế thì Phim “Bán đảo Peninsula” lại kể cho chúng ta câu chuyện hậu ngày tận thế.', 'https://www.cgv.vn/media/catalog/product/cache/1/image/1800x/71252117777b696995f01934522c402d/p/e/peninsula_teaser_poster_1_1_.jpg', 'Phim chiếu rạp, Phim Hành động', 'HD Vietsub', 'Hàn Quốc', 7, 2020, 'ban-dao-peninsula', 'Bán Đảo Peninsula, phim Bán Đảo Peninsula, Phim mới, phim mới z, phim mới zz.net 2020, phim mới zz.net 2021, phim moizz.net 2020, phim moizz.net 2021, phim Train To Busan 2, phimhay, Phimhay.tv, phimhaytv, Phimhaytvv.com, phimmoi, phimmoi.net, phimmoi.net', 1, 'phimle'),
(11, 'BỐ GIÀ', 'Phim sẽ xoay loanh quanh lối sống thường ngày của 1 xóm lao động nghèo, ở ấy với bộ tứ anh em Giàu – Sang – Phú – Quý mang Ba Sang sẽ là nhân vật chính, hay lo chuyện bao đồng nhưng hết sức thương con cái. Câu chuyện phim tập hợp về hai cha con Ba Sang (Trấn Thành) và Quắn (Tuấn Trần).\r\n\r\nDù yêu thương nhau nhưng khoảng giữa 2 thế hệ đã mang lại các bất đồng to giữa hai cha con. Liệu cả hai sở hữu thể cho nhau cơ hội thấu hiểu đối phương, thu hẹp khoảng phương pháp và tạo nên hạnh phúc trong khoảng sự khác biệt?', 'https://phimhaytvv.com/wp-content/uploads/2021/07/bo_gia_poster.jpg', 'Phim chiếu rạp, Phim Hài hước, Phim Tâm lý - Tình Cảm', 'Full HD', 'Việt Nam', 0, 2021, 'bo-gia', 'Bố già 2021, Bố Già Chiếu Rạp, Bố Già Phimhaytvv, bố già rạp, Phim Bố Già chiếu rạp, Phim Chiếu Rạp 2021, Phim Chiếu Rạp Hay 2021, Phim hay tv, Phim mới, phim mới z, phim mới zz.net 2020, phim mới zz.net 2021, phim moizz.net 2020, phim moizz.net 2021', 1, 'phimle'),
(12, 'GODZILLA ĐẠI CHIẾN KONG', 'Sau khi Godzilla đánh bại Ghidorah thì cuộc sống trên Trái Đất cũng được trở về trạng thái cân bằng, Kong cũng được biết đến sau khi các nhà thám hiểm trở về từ Skull Island. Và với tham vọng phục vụ mục đích nghiên cứu khoa học cũng như nỗ lực bảo vệ Kong trước Godzilla, con người đã nhốt Kong ở một khu nuôi dưỡng nhân tạo, vì “một nước không thể có hai vua” khi Kong giờ đây cũng trở thành một linh trưởng thực thụ.Cho đến một hôm Godzilla xuất hiện và tấn công trụ sở của một công ty công nghệ tên là Apex, điều này đã khiến con người lo ngại cho sự an toàn của con người với Godzilla, liệu cả hai còn chung sống hòa bình. Và người đứng đầu Apex đã đề nghị với vị giáo sư địa chất về nguồn năng lượng ở Trái Đất rỗng có thể sẽ giúp con người chống lại Godzilla và muốn Kong là người dẫn đường đến đó, vì chỉ có Titan mới nhận biết được đâu mới là lối về nhà. Nhưng mục đích thật sự chính của Apex chính là khơi mào cuộc chiến giữa hai Titan để diệt trừ 1 và dùng MechaGodzilla tiêu diệt kẻ cuối cùng. Nhưng có vẻ như Apex đã sai lầm.', 'https://phimhaytvv.com/wp-content/uploads/2021/04/Godzilla-vs-Kong-poster.jpg', 'Phim chiếu rạp, Phim Viễn tưởng', 'HD Vietsub', 'Mỹ', 3, 2021, 'godzilla-dai-chien-kong', 'haytv, phim Godzilla Đại Chiến Kong, Phim mới, phim mới z, phim mới zz.net 2020, phim mới zz.net 2021, phim moizz.net 2020, phim moizz.net 2021, phimhay, Phimhay.tv, phimhaytv, phimmoi, phimmoi.net, phimmoi.net phim lẻ, phimmoi.zzz, phimmoii.zz, phimmoiiz', 1, 'phimle'),
(13, 'Chị Mười Ba: 3 Ngày Sinh Tử', 'Chị Mười Ba 3 Ngày sinh tử là 1 bộ phim phù hợp để xem giải trí vào dịp lễ. Bộ phim đem đến rộng rãi tiếng cười, với hệ thống các nhân vật thú vị, các màn tương tác khôi hài chuẩn y thoại và các tình huống can hệ .\r\n\r\nkhông những thế về nói chung thì bộ phim khá thuần tuý , các tình huống diễn ra hơi tiêu cực , động cơ cũng ko quá thuyết phục và những màn hành động ko với điểm thu hút , khá thông thường so sở hữu một phim điện ảnh.\r\n\r\nChị Mười Ba 3 Ngày sinh tử thuộc thể loại hành động, khai thác chủ đề mới mẻ với nội dung nhắc về cuộc đấu ngầm của giới giang hồ. Bộ phim là cuộc hành trình cạnh tranh và đầy thử thách lúc phải vượt qua 3 ngày sinh tử để bảo kê những người anh em của chị Mười Ba.\r\n\r\nbắt đầu phim với sự kiện Kẽm Gai ra tầy , Chị Mười Ba – thủ lĩnh đội ngũ an cư Nghĩa Đoàn, cùng các anh em thân thiết quyết định dọn về Đà Lạt mở garage sang sửa xe, bắt đầu làm lại cuộc sống mới nhẹ nhõm hơn, hạn chế khỏi những xô người tình, thị phi. tuy nhiên , cả nhóm tiếp tục gặp rối rắm và rơi vào vòng nghiêm trọng khi Đức Mát – đàn em của ông trùm Thắng Khùng bị giết hại, câu hỏi lập tức đổ dồn vào Kẽm Gai.\r\n\r\nChị Mười Ba chỉ với 3 ngày để tìm ra được bằng cớ ngoại phạm và minh oan cho Kẽm Gai.', 'https://phimhaytvv.com/wp-content/uploads/2021/05/Chi-Muoi-Ba-3-ngay-sinh-tu.jpg', 'Phim chiếu rạp, Phim Hài hước, Phim Hành động, Phim Hình sự, Phim Tâm lý - Tình Cảm', 'Full HD', 'Việt Nam', 7, 2020, 'chi-muoi-ba-3-ngay-sinh-tu', 'Phim Chị Mười Ba 3 Ngày Sinh Tử, Phim Chị Mười Ba 3 Ngày Sinh Tử 2021, Phim Chị Mười Ba 3 Ngày Sinh Tử phimhaytvv, Phim hay tv, Phim mới, phim mới z, phim mới zz.net 2020, phim mới zz.net 2021, phim moizz.net 2020, phim moizz.net 2021, phim tvhay, phimhay', 1, 'phimle'),
(14, 'Quá Nhanh Quá Nguy Hiểm 9', 'Nội dung phim lần này vẫn như các lần trước là xoay quanh nhân vật Dominic Toretto và thực hiện phi vụ mới. \r\n\r\nLần này, anh sẽ đối diện với em trai của mình (một ta đua xe kiêm sát thủ cao cấp) tên Jakob.\r\n\r\nHai người đã có mâu thuẫn trong quá khứ và đã chia cắt nhau trong nhiều năm qua. Em trai Jokob đã nhờ sự giúp đỡ của Cipher (kẻ thù không đội trời chung của  Dominic Torett) để lập kết hoạch hãm hại anh trai mình', 'https://phimhaytvv.com/wp-content/uploads/2021/07/poster-qua-nhanh-qua-nguy-hiem-huyen-thoai-toc-do-2021.jpg', 'Phim chiếu rạp, Phim Hành động', 'HD Vietsub', 'Anh, Mỹ', 1, 2021, 'qua-nhanh-qua-nguy-hiem-9', 'f9, f9 thuyết minh, f9 việt sub, Fast & Furious 9 (f9), Phim hay tv, Phim mới, phim mới z, phim mới zz.net 2020, phim mới zz.net 2021, phim moizz.net 2020, phim moizz.net 2021, Phim Quá Nhanh Quá Nguy Hiểm 9, Phim Quá Nhanh Quá Nguy Hiểm 9 2021, P', 1, 'phimle'),
(18, 'Khi đàn ông yêu', 'Nếu khán giả nào yêu thích điện ảnh Xứ Kim Chi thì chắc hẳn đều biết đến bộ phim điện ảnh Man in Love (2014), một tác phẩm mà nhận được nhiều lời khen có cánh từ phía khán giả và các nhà chuyên môn. Mới đây, điện ảnh Đài Loan cũng đã remake lại bộ phim này với kịch bản không có nhiều sự thay đổi. Nội dung phim Khi đàn ông yêuDự án được đạo diễn Y.Chen Hao trực tiếp chỉ đạo sản xuất, với sự tham gia&nbsp;của các&nbsp;dàn diễn viên chất lượng như: Khưu Trạch, Hứa Vỹ Ninh, Tsai Chen Nan, Chung Hân Lăng, Wei Hua Lan, Peace Yang,..Phim chính thức được phát hành tại thị trường xứ Đài vào ngày 01/04/2021, nhận những ý&nbsp;kiến trái chiều. Nếu đem ra so sánh với bản Hàn thì rõ ràng là rất khó&nbsp;và điểm cộng lớn nhất của bộ&nbsp;phim chính là diễn xuất rất tài tình&nbsp;của cặp đôi chính Khưu Trạch và Hứa Vỹ Ninh.Nội dung Khi Đàn Ông Yêu 2021 kể về nhân vật A Thành, 1 người đàn ông làm nghề đòi nợ thuê. Trước kia, anh trai của cậu kinh doanh bị&nbsp;phá sản, A Thành bắt buộc phải làm thuê để trả nợ cho công ty cho vay nặng lãi. Từ đó đến nay, cậu lập được nhiều chiến tích cho cty, trở thành cánh tay đắc lực của công ty. Tuy nhiên, A Thành không bao giờ làm khó những người gặp hoàn cảnh khó khăn.&nbsp;Ngay từ lần gặp đầu tiên, cậu đã ấn tượng với cô gái để đòi nợ một ông già, và tình cờ gặp được con gái ông. nh lùng và xinh đẹp này. Kể từ thời điểm đó, A Thành luôn nghĩ cách để nói chuyện và giúp cô gái tên Hạo Đình trả nợ. Cuối cùng, cả 2 thống nhất trả nợ bằng những cuộc hẹn hò đơn giản, mở ra câu chuyện tình yêu đơn giản nhưng rất cảm động đánh vào tâm lý người xem.', 'https://phimhaytvv.com/wp-content/uploads/2021/08/khi-dan-ong-yeu.jpg', 'Phim Hành động', 'HD vietsub', 'Trung Quốc', 13, 2021, 'khi-dan-ong-yeu', 'Phim hay tv, Phim Khi đàn ông yêu, Phim Khi đàn ông yêu 2021, Phim Khi đàn ông yêu phimhaytv, phim moi, phim mới, phim mới z, phim mới zz.net 2020, phim mới zz.net 2021, phim mới.z, phim moizz.net 2020, phim moizz.net 2021, phimhay, Phimhay.tv, phimmoi, ', 1, 'phimle'),
(19, 'Tiệc Trăng Máu', 'Tiệc Trăng Máu Full HD&nbsp;tụ họp&nbsp;dàn diễn viên&nbsp;tăm tiếng&nbsp;như Thái Hòa, Hồng Ánh, Thu Trang, Kiều Minh Tuấn… được&nbsp;làm&nbsp;lại&nbsp;từ&nbsp;kịch bản&nbsp;Perfect Strangers&nbsp;của Italy. Năm 2019, với&nbsp;phiên bản Hàn – gây sốt tại quê nhà – được ra mắt ở Việt Nam dưới tên&nbsp;Người quen xa lạ.Phim&nbsp;kể&nbsp;về&nbsp;lực lượng&nbsp;bốn người đàn ông, thân&nbsp;trong khoảng&nbsp;thuở nhỏ.&nbsp;to&nbsp;lên, mỗi người lập gia đình hoặc&nbsp;hẹn hò,&nbsp;làm&nbsp;phổ thông&nbsp;nghề khác nhau như nhà báo,&nbsp;thầy thuốc&nbsp;thẩm mỹ, giáo viên… Họ&nbsp;cùng&nbsp;vợ, bạn gái tụ tập tại tiệc tân gia của&nbsp;1&nbsp;người trong&nbsp;hàng ngũ. Giữa bữa tiệc, họ&nbsp;chủ xướng&nbsp;trò công khai nội dung tin nhắn, cuộc gọi điện thoại của từng thành viên.&nbsp;từ&nbsp;đó,&nbsp;những&nbsp;bí ẩn&nbsp;xấu xí dần phơi bày.Đạo diễn&nbsp;quang&nbsp;Dũng từng thành công&nbsp;mang&nbsp;dạng phim remake (làm lại). Năm 2018, phim&nbsp;Tháng năm&nbsp;tinh ma&nbsp;là hiện tượng phòng vé Việt, doanh thu hơn 80 tỷ đồng dù nội dung&nbsp;không&nbsp;mấy khác so&nbsp;sở hữu&nbsp;bản gốc&nbsp;Sunny&nbsp;– ra mắt tại Hàn Quốc năm2011.&nbsp;như vậy,&nbsp;Tiệc trăng máu&nbsp;không&nbsp;đột phá&nbsp;nhiều&nbsp;về nội dung&nbsp;khi&nbsp;giữ lại&nbsp;tất cả&nbsp;vẹn nguyên&nbsp;kịch bản của&nbsp;Người quen xa lạ. Tác phẩm Việt&nbsp;sở hữu&nbsp;phổ biến&nbsp;lời thoại, tình tiết, nghề nghiệp nhân vật, thậm chí phần chạy chữ ở cuối phim, đều giống bản Hàn.', 'https://phimhaytvv.com/wp-content/uploads/2021/07/tiec-trang-mau.jpg', 'Phim chiếu rạp, Phim Hài hước, Phim Kinh dị', 'Full HD', 'Việt Nam', 0, 2020, 'tiec-trang-mau', 'Phim mới, phim mới z, phim mới zz.net 2020, phim mới zz.net 2021, phim moizz.net 2020, phim moizz.net 2021, phimhay, Phimhay.tv, phimmoi, phimmoi.net, phimmoi.net phim lẻ, phimmoi.zzz, phimmoii.zz, phimmoiizz, phimmoiizz.met, Phimmoiizz.net, phimmoiizz.ne', 1, 'phimle'),
(20, 'Tân Phong Thần: Na Tra Trùng Sinh', 'Nội dung đang cập nhật', 'https://phimhaytvv.com/wp-content/uploads/2021/04/na-tra-trung-sinh-2.jpg', 'Phim chiếu rạp, Phim Hành động, Phim Thần thoại', 'Full HD', 'Trung Quốc', 0, 2021, 'tan-phong-than-na-tra-trung-sinh', 'hay.tv, Na Tra Trùng Sinh, Nezha Reborn, Phim hay tv, Phim mới, phim mới z, phim mới zz.net 2020, phim mới zz.net 2021, phim moizz.net 2020, phim moizz.net 2021, Phim Na Tra Trùng Sinh, phimhay, Phimhay.tv, Phimhaytvv.com, phimmoi, phimmoi.net, phimmoi.ne', 1, 'phimle'),
(21, 'Cơn Thịnh Nộ Chết Người', 'Wrath of Man (2021) là bộ phim thuộc thể loại hành động, tâm lý, do đạo diễn Guy Ritchie sản xuất và sự góp mặt của các diễn viên Jason Statham, Josh Hartnett, Scott Eastwood, Holt McCallany, Jeffrey Donovan, Laz Alonso, Daniel Joseph Woolf, Jason Wong,&#8230; Nội dung phim Wrath of Man (2021) xoay quanh câu chuyện về anh chàng H một nhân vật lạnh lùng bí ẩn, anh làm bảo vệ và chịu trách nhiệm cho xe trở tiền hàng trăm triệu đô la xung quanh Los Angeles mỗi tuần. Anh đã gây bất ngờ cho các đồng nghiệp khi anh tung ra những kỹ năng bất ngờ trong một vụ trộm. Không bao lâu sau, động cơ cuối cùng của tay thiện xạ trở nên rõ ràng khi anh thực hiện các bước đầy ấn tượng và không thể thay đổi để giải quyết vấn đề.', 'https://phimhaytvv.com/wp-content/uploads/2021/08/Phim-Con-Thinh-No-Chet-Nguoi.jpg', 'Phim chiếu rạp, Phim Hành động, Phim Võ thuật', 'Full HD', 'Mỹ', 0, 2021, 'con-thinh-no-chet-nguoi', 'Phim Cơn Thịnh Nộ Chết Người, Phim Cơn Thịnh Nộ Chết Người 2021, Phim Cơn Thịnh Nộ Chết Người phimhaytv, Phim hay tv, Phim mới, phim mới z, phim mới zz.net 2020, phim mới zz.net 2021, phim moizz.net 2020, phim moizz.net 2021, phimhay, Phimhay.tv, phimmoi,', 1, 'phimle'),
(22, 'Điểm Kỳ Dị Của Bản Thân', 'Điểm kỳ dị của bản thân &#8211; Naked Singularity là sản phẩm điện ảnh hài của mỹ được người chỉ đạo nghệ thuật bởi Chase Palmer trong sản phẩm đầu tay của bản thân, với phần kịch bản được chắp bút bởi Palmer và David Matthews. Sản phẩm bằng những cuốn tiểu thuyết năm 2008 cùng tên của Sergio De La Pava. Phim có sự có mặt của john boyega , olivia cooke , bill skarsgård , ed skrein , linda lavin và tim blake nelson.Nội dung phim Điểm Kỳ Dị Của Bản ThânCasi ( john boyega ) vẫn luôn phải tích cực như là người bảo vệ của công chúng, anh ấy nỗ lực hết mình để giúp người nghèo khổ rời xa chuỗi tư pháp hình sự ở thành phố new york . Tuy nhiên anh đã thất trận, một trận đánh anh ta thất vọng .Nhiều khách của anh, gồm Lea ( olivia cooke ) là người đã lặp lại sai lầm. Điều gần nhất của cô ta được móc nối với Ed Skrein. Lúc nhiều điều càng phức tạp xảy ra với Casi, những đánh giá khôn ngoan của anh ta sẽ phát huy ra tác dụng tốt , dẫn tới thẩm phán đưa ra những phán quyết hữu ích.Bị đốt tư tưởng, Casi sau cùng đã bị tạm ngưng vì một cơn bùng phát. Phát hiện khả năng, người bạn của anh ta là Dane ( bill skarsgård ) mở đầu chiêu mộ nhân sự anh ta cho một chiến lược làm giàu cơ hội để phát triển.Tận dụng mối liên hệ của Casi với Lea, Bill muốn họ cướp hàng từ vài ba kẻ buôn ma tuý. Như mọi khi với những ý nghĩ thế này thì nói dễ hơn làm. Casi không chỉ trông thấy chỉ dấu của những thứ sắp sập đổ quanh mình, mà bây giờ đây anh ta buộc phải lo âu về chuyện những kẻ buôn ma tuý sẽ giết anh ta nếu có điều gì sai lầm.', 'https://phimhaytvv.com/wp-content/uploads/2021/08/Phim-Diem-Ky-Di-Cua-Ban-Than.jpg', 'Phim chiếu rạp, Phim Hài hước', 'Full HD', 'Mỹ', 0, 2021, 'diem-ky-di-cua-ban-than', 'Phim Điểm Kỳ Dị Của Bản Thân, Phim Điểm Kỳ Dị Của Bản Thân 2021, Phim Điểm Kỳ Dị Của Bản Thân phimhaytv, Phim hay tv, Phim mới, phim mới z, phim mới zz.net 2020, phim mới zz.net 2021, phim moizz.net 2020, phim moizz.net 2021, phimhay, Phimhay.tv, phimmoi,', 1, 'phimle'),
(23, 'G. I. Joe: Xà nhãn báo thù', 'Snake Eyes: G.I. Joe Origins theo chân Snake Eyes &#8211; một chiến binh cô độc, ngoan cường bất ngờ được kết nạp vào gia tộc Arashikage sau khi cứu mạng người thừa kế của họ. Khi đến Nhật Bản, Arashikage dạy Snake Eyes những chiêu thức cơ bản của một chiến binh ninja đồng thời mang tới cho anh một mái ấm. Tuy nhiên, khi những bí mật từ quá khứ của Snake Eyes được bật mí, anh sẽ phải đối mặt với những thử thách lớn nhất trong cuộc đời.', 'https://phimhaytvv.com/wp-content/uploads/2021/08/Xa-nhan-bao-thu.jpg', 'Phim chiếu rạp, Phim Hành động, Phim Viễn tưởng', 'Full HD', 'Âu Mỹ', 0, 2021, 'g-i-joe-xa-nhan-bao-thu', 'Phim G. I. Joe: Xà nhãn báo thù, Phim G. I. Joe: Xà nhãn báo thù 2021, Phim G. I. Joe: Xà nhãn báo thù phimhaytv, Phim hay tv, Phim mới, phim mới z, phim mới zz.net 2020, phim mới zz.net 2021, phim moizz.net 2020, phim moizz.net 2021, phimhay, Phimhay.tv,', 1, 'phimle'),
(24, 'Sát Cánh Cùng Nhau', 'Phim Sát Cánh Cùng Nhau &#8211; Together Together đã được mở đầu bằng những câu hỏi vô cùng khó xử và mang tính thẩm vấn hơn là quan tâm. Cô gái trong câu chuyện là Anna &#8211; một nhân viên pha chế trong một quán cà phê, cô không đi học đại học và gia đình của cô cũng không mấy hạnh phúc, và cô đã chuyển đến San Francisco sau khi mang thai. Cô hy vọng số tiền của Matt sẽ giúp cô có được cơ hội đi học tại một chương trình cấp tốc ở Vermont. Còn Matt &#8211; anh ta muốn Anna mang thai hộ cho anh trong tình trạng lấp lửng.', 'https://phimhaytvv.com/wp-content/uploads/2021/08/sat-canh-cung-nhau.jpg', 'Phim chiếu rạp', 'HD vietsub', 'Mỹ', 0, 2021, 'sat-canh-cung-nhau', 'Phim hay tv, Phim mới, phim mới z, phim mới zz.net 2020, phim mới zz.net 2021, phim moizz.net 2020, phim moizz.net 2021, Phim Sát Cánh Cùng Nhau, Phim Sát Cánh Cùng Nhau 2021, Phim Sát Cánh Cùng Nhau phimhaytv, phimhay, Phimhay.tv, phimmoi, phimmoi.net, p', 1, 'phimle'),
(25, 'Vị Khách Bí Ẩn', 'Trương Tử Phong sinh ngày 27 tháng 8 năm 2001, hiện cô đang là một gương mặt trẻ triển vọng nhất của nền điện ảnh Trung Quốc. Và ngay từ khi còn nhỏ, Tử Phong đã bộc lộ được năng khiếu diễn xuất trời ban. Và cô đã có vai diễn đầu tay khi vừa mới được 6 tuổi. Tử Phong rất xinh đẹp, đáng yêu và có lối diễn rất tự nhiên, cô đã sớm được lọt vào mắt xanh của rất nhiều đạo diễn hàng đầu nổi tiếng. Nội dung phim Vị Khách Bí ẨnSau hơn 10 năm được học hỏi và tôi luyện, cô gái nhỏ nằm xưa đã trưởng thành và đã dành được rất nhiều giải thưởng cá nhân cao quý cho sự nghiệp diễn xuất của mình. Home Sweet Home là một trong những bộ phim đáng chú ý hàng đầu của Tử Phong trong thời gian gần đây, được ra mắt vào năm 2021.Vị Khách Bí Ẩn là phim thuộc thể loại tâm lý &#8211; tội phạm do đạo diễn Trần Chính Đạo trực tiếp chỉ đạo. Ngoài Tử Phong, phim còn có sự góp mặt của một số tên tuổi sáng giá và triển vọng khác như: Đoàn Dịch Hồng, Hứa Vĩ Ninh, Quách Phú Thành, Vinh Tử Sam,&#8230;Nội dung phim Vị Khách Bí Ẩn xoay quanh cuộc sống của một gia đình có 4 thành viên gồm 2 vợ chồng ông Uông đang có cuộc sống viên mãn cùng với 2 người con vô cùng thông minh, ngoan ngoãn. Nhưng sự xuất hiện của một người đặc biệt đã khiến cho mọi thứ trong gia đình họ bị đảo lộn hoàn toàn. Ông Uông phải cách gì để có thể xử lý mọi việc một cách tốt đẹp nhất đây?', 'https://phimhaytvv.com/wp-content/uploads/2021/08/vi-khahc-bi-an.jpg', 'Phim chiếu rạp', 'HD vietsub', 'Trung Quốc', 0, 2021, 'vi-khach-bi-an', 'Phim hay tv, Phim mới, phim mới z, phim mới zz.net 2020, phim mới zz.net 2021, phim moizz.net 2020, phim moizz.net 2021, Phim Vị Khách Bí Ẩn, Phim Vị Khách Bí Ẩn 2021, Phim Vị Khách Bí Ẩn phimhaytv, phimhay, Phimhay.tv, phimmoi, phimmoi.net, phimmoi.net p', 1, 'phimle'),
(26, 'Lãng Khách Kenshin 4', 'Năm 1879, Kenshin và các đồng minh đối mặt với kẻ thù mạnh nhất từ trước đến nay: kẻ từng là em vợ anh, Enishi Yukishiro, và đám tay sai quyết trả thù của hắn.', 'https://phimhaytvv.com/wp-content/uploads/2021/08/lang-khach-kenshin-4.jpg', 'Phim chiếu rạp, Phim Hành động, Phim Viễn tưởng', 'Full HD Việt Sub', 'Nhật Bản', 0, 2021, 'lang-khach-kenshin-4', 'Phim hay tv, Phim Lãng Khách Kenshin 4, Phim Lãng Khách Kenshin 4 2021, Phim Lãng Khách Kenshin 4 phimhaytv, Phim mới, phim mới z, phim mới zz.net 2020, phim mới zz.net 2021, phim moizz.net 2020, phim moizz.net 2021, phimhay, Phimhay.tv, phimmoi, phimmoi.', 1, 'phimle'),
(27, 'Góa Phụ Đen', 'Góa phụ đen – Black Widow (2021) là bộ phim siêu anh hùng Mỹ được ra mắt vào năm 2021 dựa trên nhân vật&nbsp;cùng&nbsp;tên của Marvel Comics. Do Marvel Studios&nbsp;cung ứng&nbsp;và Walt Disney Studios Motion Pictures&nbsp;phân phối, đây cũng là bộ phim thứ 24 trong vũ trụ MCU.Tác phẩm do đạo diễn Cate Shortland chịu nghĩa vụ chỉ đạo, dựa trên phần kịch bản của Eric Pearson chắp bút dựa trên câu chuyện của Jac Schaeffer và Ned Benson, có sự tham dự của những diễn viên Scarlett Johansson trong vai Natasha Romanoff / Black Widow, David Harbor, Florence Pugh, OT Fagbenle, William Hurt, Ray Winstone và Rachel Weisz.Bối cảnh phim Goá Phụ ĐenBộ phim lấy bối cảnh ngay sau sự kiện Captain America: Nội chiến siêu anh hùng (2016), Romanoff đang trên phố phân tách và đối mặt mang quá khứ của mình. Góa phụ đen được phát hành tại Hoa Kỳ vào ngày 9 tháng 7 với vai trò là sự mở màn cho quá trình 4 của MCU.Nội dung phim Goá Phụ ĐenNội dung phim Black Widow lấy mốc&nbsp;thời gian&nbsp;sau bộ phim&nbsp;Captain America: Civil War nhưng trước Avengers: Endgame. Trong&nbsp;thời điểm&nbsp;này, cô nàng đặc vụ Natasha Romanoff vẫn đang phải lẩn trốn sau sự kiện&nbsp;hiệp nghị&nbsp;Sokovia trong Captain America: Civil War.Một vài sự cố diễn ra dẫn tới việc cô phải đối mặt với kí vãng của mình, một gia đình mà cô từng rất yêu mến và trân trọng, cả bố và mẹ của cô đều là gián điệp , và cô em gái Yelena ngô nghê ngày nào giờ cũng được đào tạo để trở thành góa phụ đen.Bộ phim như là cuộc hành trình của Natasha tậu lại bản thân, đối diện mang các quyết định và những sai lầm trong dĩ vãng. Chuyến hành trình này của cô còn có nhiệm vụ giải cứu các cô gái như mình và sẽ đưa khán fake xuất hiện đến một số địa điểm lần đầu xuất hiện trong MCU, như Red Room – Phòng đỏ, đây là lò rèn gián điệp nữ hà khắc nhất của Liên Xô.Yếu tố khácĐặc sản MCU là&nbsp;các&nbsp;phân cảnh hành động mãn nhãn, Black Widow cũng&nbsp;không&nbsp;ngoại lệ,&nbsp;các&nbsp;phân cảnh đấu tay đôi,&nbsp;cận chiến&nbsp;được&nbsp;tập kết&nbsp;khai thác,&nbsp;thích hợp&nbsp;mang&nbsp;một&nbsp;nữ chiến binh&nbsp;ko&nbsp;tiêu&nbsp;dùng&nbsp;tới&nbsp;năng lực&nbsp;siêu tự nhiên&nbsp;,&nbsp;yêu thuật&nbsp;.&nbsp;dù thế,&nbsp;không phải&nbsp;vì&nbsp;vậy mà&nbsp;bộ phim mất đi tính siêu thực&nbsp;đặc thù&nbsp;trong&nbsp;các&nbsp;tác phẩm của Marvel,&nbsp;những&nbsp;cảnh&nbsp;chống chọi&nbsp;trên&nbsp;ko&nbsp;trung hay&nbsp;các&nbsp;màn rượt đuổi ấn tượng là&nbsp;điểm thu hút&nbsp;của tác phẩm.So&nbsp;có&nbsp;các&nbsp;tác phẩm&nbsp;cộng&nbsp;thể loại&nbsp;khác, thiên về đấu tay đôi như John Wick thì Black Widow&nbsp;với&nbsp;vẻ ảo hơn&nbsp;nói&nbsp;cả về quy mô, kỹ xảo, lối&nbsp;khai triển&nbsp;hành động cũng như nội dung. Đôi&nbsp;khi&nbsp;, bạn sẽ cảm thấy nữ chính được buff quá&nbsp;phổ quát&nbsp;lúc&nbsp;lăn xả&nbsp;liên tục&nbsp;mà&nbsp;ko phải&nbsp;mỏi mệt&nbsp;hay đuối sức.Bên cạnh đả nữ Scarlett Johansson trong vai Black Widow, sở hữu 1 nhân vật bí ẩn luôn sát cánh cộng cô trong giai đoạn cô tu bổ những lỗi lầm ở quá khứ ấy chính là Yelena (Florence Pugh). Đây là một nữ điệp viên khác của công ty Reed Room, có công nghệ chống chọi và thân thế không kém cạnh nữ chính.Tác phong chiến đấuTác phong chiến đấu, cách chuyển động và khả năng giáp lá cà cùng những chiêu thức giống sở hữu Natasha, nhân vật này đã được Marvel công nhận sẽ là Black Widow tiếp theo, kế thừa vị trí của Natasha trong chương trình tập huấn điệp viên của Red Room.Nhân vật chính phim Goá Phụ ĐenNhân vật Yelena Belova của Florence Pugh chính là em gái của Natasha Romanoff, cô bé đã từng rất yêu quý chị của mình cho&nbsp;đến&nbsp;lúc&nbsp;cả&nbsp;2&nbsp;bị chia cắt. Yelena cũng được&nbsp;đào tạo&nbsp;để&nbsp;trở thành&nbsp;một&nbsp;sát thủ xuất chúng, nhưng cô vẫn giữ tính&nbsp;cách thức&nbsp;khôn cùng&nbsp;trẻ con&nbsp;, ngọt ngào và luôn mong muốn ngày nào&nbsp;đó&nbsp;cả gia đình sẽ được&nbsp;sum vầy.Yelena Belova với màn trình diễn ấn tượng bắt mắt của Yelena hoàn toàn khác biệt so với Natasha, Florence Pugh đã sở hữu màn biểu diễn xứng đáng có sự trông đợi của khán giả . Lôi cuốn, hóm hỉnh và giàu cảm xúc đã mang lại một Florence Pugh không bị kẹ vế trước đàn chị mà còn sở hữu những điểm nổi bật giúp cô toả sáng.Nhân vật phụTaskmaster là nhân vật phản diện đã được giới thiệu&nbsp;nhiều&nbsp;lần trong&nbsp;các&nbsp;thông báo&nbsp;về Black Widow. Hắn ta&nbsp;có&nbsp;tính danh&nbsp;bí ẩn&nbsp;, năng lực chết chóc&nbsp;cố nhiên&nbsp;, và&nbsp;dĩ nhiên&nbsp;là hắn&nbsp;sở hữu&nbsp;thể đánh bại Natasha.&nbsp;Dòng&nbsp;tên Taskmaster đã&nbsp;mang lại&nbsp;phổ biến&nbsp;hy vọng&nbsp;cho khán&nbsp;fake&nbsp;,&nbsp;khi mà&nbsp;phổ thông&nbsp;fan đang&nbsp;hy vọng&nbsp;1&nbsp;nhân tố&nbsp;sở hữu&nbsp;sức&nbsp;ảnh hưởng&nbsp;to&nbsp;đến&nbsp;vũ trụ Marvel&nbsp;trong tương lai&nbsp;.Nhưng mang vẻ nhân vật phản diện này lại ko sở hữu rộng rãi điểm nổi bật trong tác phẩm Black Widow. Dù có nền móng rẻ và tiềm năng vững mạnh lớn, nhưng bí quyết mà hắn ta xuất hiện cũng như xử lý các tình tiền đem lại phổ thông thất vọng.Biên kịch phim Goá Phụ ĐenSở hữu&nbsp;vẻ sử vội vàng trong&nbsp;phương pháp&nbsp;biên kịch đưa kẻ phản diện mới xuất hiện và&nbsp;cách thức&nbsp;mà hắn ta chứng tỏ mình là kẻ mạnh đã&nbsp;ko&nbsp;để lại được ấn tượng trong&nbsp;tâm khảm&nbsp;của người xem. Cũng&nbsp;sở hữu&nbsp;thể là do&nbsp;những&nbsp;cái&nbsp;bóng của&nbsp;những&nbsp;đàn anh như Thanos quá&nbsp;to&nbsp;làm cho&nbsp;nhân vật phản diện này chưa đủ độ bùng nổ để tạo được&nbsp;điểm nhấn&nbsp;cho mình.Giả dụ&nbsp;xem đây là bộ phim cuối&nbsp;với&nbsp;sự xuất hiện của nữ diễn viên Scarlett Johansson trong vai Natasha Romanoff, thì Black Widow chưa&nbsp;thực thụ&nbsp;mang lại&nbsp;1&nbsp;dòng&nbsp;kết trọn vẹn cho nhân vật giống như điều mà Marvel đã&nbsp;làm&nbsp;ở Avengers: Endgame.&nbsp;tuy thế&nbsp;,&nbsp;mang&nbsp;sự&nbsp;cân bằng&nbsp;giữa bom tấn&nbsp;gián điệp&nbsp;và tình cảm gia đình&nbsp;rét mướt&nbsp;, đầy&nbsp;xúc cảm&nbsp;,&nbsp;cùng&nbsp;những&nbsp;màn hành động rực lửa, dàn nhân vật sáng gia và thú vị thì Black Widow là&nbsp;một&nbsp;bom tấn&nbsp;giải trí&nbsp;lý tưởng&nbsp;như mọi&nbsp;lúc&nbsp;của Marvel – chỉ là&nbsp;không&nbsp;quá đột phá mà thôi.', 'https://phimhaytvv.com/wp-content/uploads/2021/07/qua-phu-den-2021.jpg', 'Phim chiếu rạp, Phim Hành động, Phim Phiêu lưu', 'Phụ đề + Thuyết minh', 'Mỹ', 0, 2021, 'goa-phu-den', 'Phim Góa Phụ Đen, Phim Góa Phụ Đen 2021, Phim Góa Phụ Đen phimhaytv, Phim mới, phim mới z, phim mới zz.net 2020, phim mới zz.net 2021, phim moizz.net 2020, phim moizz.net 2021, phimhay, Phimhay.tv, phimmoi, phimmoi.net, phimmoi.net phim lẻ, phimmoi.zzz, p', 1, 'phimle'),
(28, 'Người Đẹp Và Quái Vật', 'Rất nhiều người đã biết đến câu chuyện Người Đẹp và Quái Vật qua trang cổ tích Grimm hoặc phiên bản hoạt hình của hãng Disney được ra mắt năm 1991.&nbsp;Đầu tiên phải nói đến sự tỉ mỉ và công phu của ê-kíp khi dàn dựng bối cảnh, trang phục. Nó đã tái hiện được vẻ đẹp cầu kỳ của quý tộc Pháp vào thế kỷ 17 (thời điểm diễn ra câu chuyện Người Đẹp Và Quái Vật).&nbsp;Chắc bạn sẽ choáng ngợp trước lối trang điểm lòe loẹt, phấn trắng nhách, tóc giả cuộn mì của giới quý tộc ngày xưa. Hay váy áo lộng lẫy nhiều tầng nhiều lớp của các quý cô, tòa lâu đài hàng trăm phòng được dát vàng.Nội dung phim Người Đẹp Và Quái VậtVậy còn nàng Belle &#8211; cá tính và chàng hoàng tử Adam &#8211; bị mắc lời nguyền thì sao? Emma Watson và Dan Stevens đã thể hiện khá tốt. Emma rất đẹp và lộng lẫy với giọng hát tuyệt vời. Dan phần lớn đều phải mang ngoại hình của Quái Vật, nhưng anh lại không bị một màu.Nhóm nhân vật phụ Gaston và LeFou lại vô cùng thú vị. Luke Evans đã hóa thân thành công vào vai gã cựu quân nhân hợm hĩnh, dù ác độc nhưng lại tràn đầy nam tính. Còn LeFou trong vai Josh Gad tuy mũm mĩm nhưng rất dễ thương và &#8220;không ngại thể hiện bản chất của mình&#8221;.Đây là phim Disney đầu tiên có những cảnh về người đồng tính khá rõ ràng.Chúng ta cũng Không thể bỏ qua dàn nhân vật phụ đầy đẳng cấp như Ewan McGregor &#8211; ngài quản gia &#8220;đế nến&#8221; Lumière, Ian McKellen &#8211; anh đồng hồ Cogsworth, Emma Thompson &#8211; &#8220;bà tách&#8221; Potts phúc hậu&#8230;', 'https://phimhaytvv.com/wp-content/uploads/2021/06/nguoi-dep-va-quai-vat.jpg', 'Phim chiếu rạp, Phim Tâm lý - Tình Cảm', 'FullHD, Vietsub', 'Âu Mỹ', 0, 2017, 'nguoi-dep-va-quai-vat', 'Phim mới, phim mới z, phim mới zz.net 2020, phim mới zz.net 2021, phim moizz.net 2020, phim moizz.net 2021, Phim Người Đẹp Và Quái Vật, Phim Người Đẹp Và Quái Vật 2017, Phim Người Đẹp Và Quái Vật phimhaytv, phimhay, Phimhay.tv, phimmoi, phimmoi.net, phimm', 1, 'phimle'),
(29, 'Phòng Chát Quỷ Ám', 'Phim Phòng Chát Quỷ Ám &#8211; Host (2020) là một bộ phim kinh dị của Mỹ. Phim được đưa đến người xem vào năm 2020 do đạo diễn Rob Savage chỉ đạo sản xuất. Phim có sự tham gia của một số diễn viên Haley Bishop, Jemma Moore, Emma Louise Webb, Radina Drandova, Caroline WardNội dung phim Phòng Chát Quỷ ÁmPhim lấy bối cảnh của dịch khi mọi người đang phải cách ly xã hội và ở nhà để tránh tình trạng dịch trở nên căng thẳng. Lúc này, một nhóm bạn trẻ đã nghĩ ra một trò gọi hồn Online và kêu mọi người vô Zoom (một công cụ nói chuyện với nhau) để thực hiện điều này.Mọi chuyện diễn ra rất bình thường, các thành viên nói chuyện với nhau vô cùng vui vẻ cho đến khi người có kinh nghiệm nhất bị mất kết nối. Lúc này, nhiều điều kinh khủng đã diễn ra.Thời lượng phim khá là ngắn khi chỉ có 67 phút nhưng nội dung vô cùng chất lượng khiến không ít người xem phải giật mình.Phim đã tạo nên một không khí ngột ngạt khi các bạn trẻ đã dùng camera và laptop để làm phim. Nên các hình ảnh có thể không được rõ ràng đã tạo nên một lần gọi hồn vô cùng kinh dị và đáng sợ.', 'https://phimhaytvv.com/wp-content/uploads/2021/07/Phim-Phong-Chat-Quy-Am.jpg', 'Phim chiếu rạp, Phim Hành động, Phim Kinh dị', 'Full HD + Vietsub', 'Mỹ - Châu Âu', 0, 2020, 'phong-chat-quy-am', 'Phim mới, phim mới z, phim mới zz.net 2020, phim mới zz.net 2021, phim moizz.net 2020, phim moizz.net 2021, Phim Mỹ, Phim Phòng Chát Quỷ Ám, Phim Phòng Chát Quỷ Ám 2020, Phim Phòng Chát Quỷ Ám phimhaytv, phimhay, Phimhay.tv, phimmoi, phimmoi.net, phimmoi.', 1, 'phimle'),
(30, 'Trốn Chạy', 'Trốn Chạy &#8211; Run là phim thuộc thể loại kinh dị &#8211; kỳ bí được ra mắt vào năm 2020 của Mỹ. Do đạo diễn Aneesh Chaganty vừa chỉ đạo và viết kịch bản. Ngoài ra phim còn có sự tham gia của các diễn viên Sarah Paulson và Kiera Allen.Nội dung phim Trốn ChạyNội dung phim Trốn Chạy kể về cuộc sống của hai mẹ con Diane và Chloe ở vùng ngoại ô của thành phố. Ngay từ khi sinh ra thì Chloe đã bị liệt hai chân và còn mang trong người nhiều bệnh khác nhau. Bệnh tình của cô đã khiến cuộc sống của hai mẹ con vô cùng khó khăn. Do đó Diane đã quyết định tự dạy con gái tại nhà, chăm sóc cho con để Chloe không cảm thấy mặc cảm và cô đơn. Nhưng tình yêu thương cực đoan của mẹ mình đã khiến Chloe cảm thấy kỳ lạ và nghi ngờ. Sau đó cô đã lén theo dõi và đã tìm ra được những bí mật mà mẹ cô đã che giấu.Trốn Chạy đã cho người xem thấy một cách chi tiết về cuộc sống thường ngày của Chloe. Sự ngăn cách với thế giới trong một không gian chật chội, không bạn bè. Đây cũng là điều để đạo diễn phát triển Run theo hướng kinh dị. Nếu để ý bạn sẽ thấy nhiều ngôi nhà của hai mẹ con Diane luôn xuất hiện trong một không gian tĩnh lặng để khán giả có thể cảm nhận sự tù túng, bức bối mà Chloe đã phải trải qua trong suốt một khoảng thời gian dài.Chuyển động của máy quay cũng là yếu tố giúp tăng độ kịch tính cho bộ phim. Những góc nhìn của khán giả khi được lướt qua các vật thể như đang tìm kiếm, rình rập một thứ gì đó. Các tình tiết trong Run được đạo diễn đẩy lên khá nhanh và dồn dập để phù hợp với tình tiết kinh dị trong phim.Bối cảnh phimTừ bối cảnh đến các chi tiết vật nhỏ cũng đủ thấy được sự chỉn chu của đội ngũ sản xuất. Không có chi tiết nào là thừa thãi cả, mọi thứ đã được sắp xếp rất hợp lý để đưa ra những gợi ý dẫn dắt người xem đến các sự kiện tiếp theo. Giúp khán giả có thể hiểu được động cơ và các hành động của từng nhân vật trong phim.', 'https://phimhaytvv.com/wp-content/uploads/2021/06/tron-chay.jpg', 'Phim chiếu rạp, Phim Hành động, Phim Phiêu lưu', 'Full HD Vietsub', 'Mỹ - Châu Âu', 0, 2020, 'tron-chay', 'Phim hay tv, Phim mới, phim mới z, phim mới zz.net 2020, phim mới zz.net 2021, phim moizz.net 2020, phim moizz.net 2021, Phim Mỹ, Phim Trốn Chạy, Phim Trốn Chạy 2020, Phim Trốn Chạy phimhaytv, phim tvhay, phimhay, Phimhay.tv, phimhaytv, Phimhaytvv.com, ph', 1, 'phimle'),
(31, 'Vệ Sĩ Sát Thủ 2 : Nhà Phải Nóc', 'Vệ Sĩ Sát Thủ 2: Nhà&nbsp;có&nbsp;Nóc (Hitman&#8217;s Wife&#8217;s Bodyguard) Bộ đôi chết chóc nhất quả đất: vệ sĩ Michael Bryce và sát thủ Darius Kincaid đã&nbsp;trở lại&nbsp;cùng&nbsp;&#8216;Vệ Sĩ Sát Thủ 2&#8217; Chuyên viên an ninh cao cấp Michael Bryce quyết định nghỉ xả&nbsp;khá&nbsp;buông lơi&nbsp;2&nbsp;từ&nbsp;VỆ SĨ. Ẳn chơi chưa được bao lâu, Michael Bryce&nbsp;1&nbsp;lần nữa&nbsp;yêu cầu&nbsp;khiến cho&nbsp;bạn thân&nbsp;cùng&nbsp;sát thủ khét tiếng Darius Kincaid trong phi vụ tréo ngoe: cứu lấy nóc nhà của tay sát thủ.', 'https://phimhaytvv.com/wp-content/uploads/2021/07/Ve-Si-Sat-Thu-2-Nha-Co-Noc.jpg', 'Phim chiếu rạp, Phim Hành động, Phim Hình sự, Phim Phiêu lưu', 'Full HD', 'Mỹ', 2, 2021, 've-si-sat-thu-2-nha-phai-noc', 'Phim mới, phim mới z, phim mới zz.net 2020, phim mới zz.net 2021, phim moizz.net 2020, phim moizz.net 2021, phimhay, Phimhay.tv, phimmoi, phimmoi.net, phimmoi.net phim lẻ, phimmoi.zzz, phimmoii.zz, phimmoiizz, phimmoiizz.met, Phimmoiizz.net, phimmoiizz.ne', 1, 'phimle'),
(32, 'Chuyện Gì Xảy Ra Với Thứ Hai', 'Số lượng người sinh sống ở quá nhiều đã mang tới những nguy hiểm cho nhân loại , mẹ tự nhiên sẵn lòng trừng trị con người. Thiếu thốn thực phẩm, đất đai cằn cỗi hay việc trái đất nóng lên sẽ mang tới rủi ro tuyệt diệt con người . Đã có nhiều bộ phim làm chủ đề này để nhắc khéo con người nên quan tâm hơn đến sự vượt quá sức chịu tải trên căn nhà chung trái đất.Phim Chuyện Gì Xảy Ra Với Thứ Hai mở màn với màu sắc xám xịt lúc trái đất đang lâm nguy, con người gia tăng quá ngưỡng mang tới cạn các nguồn tài nguyên môi trường tự nhiên, đất đai cằn cỗi hóa sa mạc, sự nóng lên năm châu tạo ra nhiều thiên tai bão lũ tác động đến cộng đồng loài người. Nhà khoa học sẽ phải thí nghiệm các loại cây trồng mới với khả năng chống chịu tốt hơn nữa để nuôi sống loài người . Để hạn chế sự việc này, các chính trị gia đã ra một điều luật khống chế trẻ thơ với thủ tục mỗi nhà chỉ được có 1 con . những tình huống có con thứ sẽ được trung chuyển đến một trung tâm và cử hành đông lạnh để bọn trẻ có một giấc ngủ dài lâu cho đến khi trái đất chuẩn bị đầy đủ cho một đời sống tốt hơn.Gia đình Settman cũng rơi vào chông gai khi ông có đến&nbsp;7 đứa cháu . Ông phải tìm cách&nbsp;để&nbsp;giấu&nbsp;7 đứa cháu và ông đã thành công trong 3 thập kỷ. 7 em bé gái với dáng vẻ bên ngoài giống hoàn toàn nhau tuy nhiên mỗi chúng ta mang một tính cách khác&nbsp;nhau với tên&nbsp;theo 1 tuần trong tuần : Monday, Tuesday, Wednesday, Thursday, Friday, Saturday và Sunday ( đều do Noomi Rapace trình bày).Họ phải sống chung hình dáng con người của Karen Settman. mỗi người&nbsp;sẽ ra bên ngoài vào&nbsp;ngày trùng với tên&nbsp;của bản thân và&nbsp;mỗi tối cả 7 chị em sẽ&nbsp;chia sẽ&nbsp;thông tin cho nhau&nbsp;. Mọi việc bình thường&nbsp;cho đến khi Monday không về vào ngày thăng tiến của Karen, họ&nbsp;sợ việc bại lộ. Gia đình Settman khi này phải đương đầu với nguy hại từ cơ quan quản lý lúc họ muốn thủ tiêu nhanh gọn vì 7 chị em sống hơn 3 thập kỷ sẽ làm bốc lên sự tức giận. Monday và các em mình buộc phải làm những điều gì ?Phim mang một sắc thái u tối và ngột ngạt , điều đó rất tương xứng cho hoàn cảnh người chỉ đạo nghệ thuật đã đề ra. Những mưu đồ đen tối ẩn dưới vỏ bọc chính trị, cứu lấy trái đất của bộ máy nắm quyền tuần tự được lột tả cả trước và sau cuộc hành trình của Karen settman dưới 7 tính khí sự khác nhau. Phim mang lại một sự kịch tính, thu hút từ đầu chí cuối khiến người xem chẳng thể rút khỏi màn hình được .Mỗi chị em trong gia đình Settman đều có một tính cách độc đáo, nhiều khi mâu thuẫn vì khó có thể chịu được một đời sống của 7 con người chỉ dưới 1 hình dáng con người độc nhất. tuy nhiên, cuối cùng bộ phim vẫn coi trọng giá trịcủa gia đình , của nỗi lòng máu mủ ruột thịt cạnh sự vô tâm đến tàn nhẫn của chính trị, mặc dù nguyên nhân bởi vì mục tiêu cứu lấy trái đất này.', 'https://phimhaytvv.com/wp-content/uploads/2021/06/chuyen-gi-xay-ra-o-ngay-thu-2.jpg', 'Phim chiếu rạp, Phim Hành động, Phim Viễn tưởng', 'Full HD Vietsub', 'Mỹ - Châu Âu', 0, 2017, 'chuyen-gi-xay-ra-voi-thu-hai', 'Phim Chuyện Gì Xảy Ra Với Thứ Hai, Phim Chuyện Gì Xảy Ra Với Thứ Hai 2017, Phim Chuyện Gì Xảy Ra Với Thứ Hai phimhaytvv, Phim hay tv, Phim mới, phim mới z, phim mới zz.net 2020, phim mới zz.net 2021, phim moizz.net 2020, phim moizz.net 2021, phim tvhay, p', 1, 'phimle'),
(33, 'Siêu Thú Cuồng Nộ', 'Siêu Thú Cuồng Nộ &#8211; Rampage là phim điện ảnh của Mỹ thuộc thể loại khoa học viễn tưởng, do Brad Peyton nhận trách nhiệm chỉ đạo. Phim lấy hứng thú từ trò chơi cùng tên của thương hiệu Midway Games với sự góp mặt của các minh tinh như Dwayne Johnson, Naomie Harris, Malin Akerman, Joe Manganiello.Phim theo chân 3 vật mẫu chứa mầm bệnh rớt xuống từ phòng thử nghiệm ngoài không gian của công ty Energyne tại ba nơi trên toàn cầu. Mầm bệnh này khiến thú vật thay đổi gen và trở nên đồ sộ và có những đặc tính của các loại thú khác . Một mẫu rơi trúng khu vực bảo tồn nơi nhà linh trưởng học Davis Okoye ( The Rock ) đang làm việc và chú khỉ bạch tạng George xui rủi hít phải mầm bệnh này. Hai mẫu còn lại dính phải một con sói và một con cá sấu khiến chúng thay đổi.Ba con siêu thú này bị gây hư tổn nặng cho các thành thị, Davis phải tìm giải pháp ngăn không cho trước thời điểm lực lượng vũ trang dùng vũ khí hạng nặng để đánh đổ chúng, trong đó có chú khỉ George &#8211; bạn của anh. Phim nêu rõ vấn đề bảo vệ động vật hoang dã và phê phán những người hay tổ chức có hành vi săn bắt , buôn bán động vật quý hiếm qua những bức ảnh và lời rêu rao của đối tượng. song song đó, bộ phim còn muốn nêu rõ rằng lòng tin rất quan trọng và mọi người đều nên được cho thời cơ thứ nhì, nếu có khả năng hối cải được.Nội dung phim có ít điểm lạ lẫm, nhưng vẫn khiến khán giả chẳng thể ngừng quan sát vì các tình tiết hồi hộp được cấu trúc với nhiều nút thắt thiếu oxy liên tiếp nối tiếp nhau. Những cảnh phim hành vi giữa những con siêu thú hay cảnh làm việc với chiến đấu giữa chú khỉ bạch tạng và Davis đem đến nhiều xúc cảm khác lạ cho khán giả.Phim cũng đem đến nhiều phân đoạn khôi hài, tăng tính giải khuây cho bộ phim . trận đánh sau cùng của phim thật sự rất mãn nhãn. Phim có các cảnh quay tráng lệ với các hiệu ứng hủy hoại để tăng sự cuồng giận của những con siêu thú.', 'https://phimhaytvv.com/wp-content/uploads/2021/06/sat-thu-cuong-no.jpg', 'Phim chiếu rạp, Phim Hài hước, Phim Hành động, Phim Phiêu lưu, Phim Viễn tưởng', 'Full HD Vietsub', 'Mỹ - Châu Âu', 0, 2018, 'sieu-thu-cuong-no', 'Phim hay tv, Phim mới, phim mới z, phim mới zz.net 2020, phim mới zz.net 2021, phim moizz.net 2020, phim moizz.net 2021, Phim Siêu Thú Cuồng Nộ, Phim Siêu Thú Cuồng Nộ 2018, Phim Siêu Thú Cuồng Nộ phimhaytvv, phim tvhay, phimhay, Phimhay.tv, phimhaytv, Ph', 1, 'phimle'),
(34, 'Quả Tim Thép', 'Quả Tim Thép là chuyến đi&nbsp;theo chân đặc vụ siêu đẳng Lâm Đông&nbsp;( Thành Long ). Đầu phim là cảnh&nbsp;Lâm Đông tức tốc đến&nbsp;trung tâm y tế vì được báo&nbsp;tin con gái bị u ác bạch cầu đang trong trạng thái nguy kịch. Tuy nhiên lúc&nbsp;đến trước cửa viện,&nbsp;ông nhận được một cuộc gọi khẩn từ chỉ huy.Họ lệnh cho ông phải ngay tức thì hộ tống&nbsp;chuyên gia James khỏi một đám&nbsp;người nhân bản. Vì công việc gấp rút, Lâm Đông&nbsp;phải gác lại tình thân&nbsp;, chiến đấu thừa sống&nbsp;thiếu chết&nbsp;để hoàn thành nhiệm vụ. Sau phi vụ ác liệt ấy, chuyên gia James mất tích, công trình kiến trúc tìm hiểu &#8216; quả tim thép &#8216; của ông cũng đi&nbsp;vào quên lãng.Qua mấy năm sau, một cuốn sách có tựa đề &#8216;Quả Tim Thép &#8216; được phát hành, những bí ẩn về quả&nbsp;tim vạn năng này,&nbsp;khiến những cá nhân trong cuộc bùng nổ. men theo những đầu mối, tên tin tặc&nbsp;quỷ quyệt Lý Sâm&nbsp;( La Chí Tường ) phát giác ra lâm đông luôn lặng lẽ phòng thủ cho một quý cô được gọi là Nancy ( Âu&nbsp;Dương Na Na )&nbsp;. Ở&nbsp;một diễn biến&nbsp;khác , thế lực người nhân văn cũng khẩn trương &#8216; ngửi &#8216; được và vào cuộc điều tra. Lâm Đông&nbsp;một lần nữa phải dùng cả nhân mạng để đảm bảo an toàn đối tượng đặc biệt này.Ở tuổi 63, Thành Long chứng minh mình dù đã già tuy nhiên chưa hết rất&nbsp;&#8216;gân&#8217;&nbsp;lúc bày&nbsp;ra vô số pha&nbsp;nhào lộn mãn nhãn cho đến những&nbsp;cảnh đọ súng,&nbsp;đua xe, truy đuổi. ông vẫn giữ phong độ với những chiêu trò linh động, bắt mắt, kiên quyết và có chút khôi hài.Quả Tim Thép có rất nhiều phân đoạn hành vi tráng lệ, đã mắt và gây ngỡ ngàng, ví như cảnh Thành Long giáp lá cà cùng&nbsp;hắc y nữ trên trung tâm văn hóa opera sydney. Nhân vật&nbsp;phản diện được xây dựng&nbsp;là những cá nhân nhân văn giàu nhiều năng lượng, khôn ngoan và nhanh nhảu. chúng dày đặc bám giết ông cả trước và sau phim , giữ cho mạch phim hồi hộp và kịch tính từ đầu tới cuối.Trong Quả Tim Thép , ông là một bố rất&nbsp;khổ tâm, yêu quý con vô cùng tuy nhiên lại chẳng thể làm tròn nghĩa vụ của bản thân. Cảm xúc của một người&nbsp;bố phải&nbsp;đảm trách nhiệm vụ mà chẳng thể ở cạnh bên con lúc con đang hấp hối gây đau xót và cảm động mạnh.&nbsp;', 'https://phimhaytvv.com/wp-content/uploads/2021/06/1533030650515-poster-98LsevE7.jpg', 'Phim chiếu rạp, Phim Hành động, Phim Phiêu lưu', 'Full HD Vietsub', 'Trung Quốc', 0, 2017, 'qua-tim-thep', 'Phim hay tv, Phim mới, phim mới z, phim mới zz.net 2020, phim mới zz.net 2021, phim moizz.net 2020, phim moizz.net 2021, Phim Quả Tim Thép 2017, Phim Quả Tim Thép phimhaytvv, phim tvhay, phimhay, Phimhay.tv, phimhaytv, Phimhaytvv.com, phimmoi, phimmoi.net', 1, 'phimle'),
(35, 'Mật Danh Thầm Lặng', 'Mật Danh Thầm Lặng &#8211; Dark Iris tuy không được đầu tư quá công phu nhưng nó vẫn để lại những dấu ấn riêng. Tổng quan của bộ phim tuy còn một số hạn chế nhưng cốt truyện và những phân cảnh hành động cũng khá ổn. Phim cũng nhận được khá nhiều ý kiến trái chiều từ các chuyên gia và khán giả khi nó được bắt đầu công chiếu vào đầu năm 2018.Dark Iris được đạo diễn Dereck Talib chỉ đạo nội dung và sản xuất. Anh vẫn còn khá non tay trong việc làm phim vì anh chỉ là một diễn viên hành động tầm trung. Ngoài ra phần kịch bản sẽ được David Gwinn hỗ trợ, với sự góp mặt của dàn diễn viên sáng giá như Rebekah Hart Franklin, Marylee, Osborne, KateLynn.E Newberry….Nội dung phim Mật Danh Thầm Lặng nói về một cô gái trẻ &#8211; Iris Black, cô là nhân viên của một quán nhỏ, cô luôn bị ám ảnh bởi kẻ luôn rình rập mình trong giấc mơ. Vào một ngày nọ, khi bạn trai của cô bị ám sát mà chết, Iris đã trở thành nhân chứng quan trọng nhất, ngoài ra cô còn bị đưa vào danh sách những kẻ tình nghi. Cái chết của bạn trai cô thật ra có liên quan đến một nhóm sát thủ, liệu điều gì sẽ xảy ra tiếp theo đây?&nbsp;', 'https://phimhaytvv.com/wp-content/uploads/2021/06/mat-danh-tham-lang.jpeg', 'Phim chiếu rạp, Phim Hành động', 'Full HD Vietsub', 'Mỹ - Châu Âu', 0, 2018, 'mat-danh-tham-lang', 'Phim hay tv, Phim Mật Danh Thầm Lặng, Phim Mật Danh Thầm Lặng 2018, Phim Mật Danh Thầm Lặng phimhaytvv, Phim mới, phim mới z, phim mới zz.net 2020, phim mới zz.net 2021, phim moizz.net 2020, phim moizz.net 2021, phim tvhay, phimhay, Phimhay.tv, phimhaytv,', 1, 'phimle'),
(36, 'Thang Máy Định Mệnh', 'Thang Máy Định Mệnh nói&nbsp;về Claudio &#8211; một doanh nhân của một doanh nghiệp về game. Trên đường đến hội nghị&nbsp;chiếc thang máy anh đi&nbsp;bị kẹt , anh nỗ lực tự giải cứu bản thân ra bên ngoài tuy nhiên người ở bên ngoài&nbsp;đều đã bị nhiễm virus&nbsp;xác sống , anh phải phản kháng bọn xác sống để sống sót trong chiếc thang máy.', 'https://phimhaytvv.com/wp-content/uploads/2021/06/thang-may-dinh-menh.jpg', 'Phim chiếu rạp, Phim Hành động, Phim Kinh dị', 'Full HD Vietsub', 'Mỹ - Châu Âu', 0, 2018, 'thang-may-dinh-menh', 'Phim hay tv, Phim mới, phim mới z, phim mới zz.net 2020, phim mới zz.net 2021, phim moizz.net 2020, phim moizz.net 2021, Phim Thang Máy Định Mệnh, Phim Thang Máy Định Mệnh 2018, Phim Thang Máy Định Mệnh phimhaytvv, phim tvhay, phimhay, Phimhay.tv, phimhay', 1, 'phimle'),
(37, 'Kỳ Quái', 'Kỳ Quái &#8211; Freaks là bộ phim nói về cô bé Chloe 7 tuổi và cha. Tuy sống trong thành phố nhưng Chloe lại có cuộc sống tách biệt hoàn toàn so với bên ngoài. Trong một căn nhà xập xệ, khắp nơi đều bị che chắn, Chloe đang sống với cha. Ông luôn nghĩ rằng bên ngoài có rất nhiều thứ nguy hiểm, kẻ xấu muốn giết chết họ. Khán giả sẽ khó hiểu vì diễn biến chuyện khá mơ hồ và bí ẩn. Họ chỉ tập trung vào những hành động của Chloe và cha của cô.Kỳ Quái sẽ khiến khán giả bị cuốn theo mạch phim và đã để lại vô vàn câu hỏi như người cha này đang che giấu điều gì hay Chloe bị mắc bệnh tâm lý nên cha cô bé mới bảo bọc cô như vậy? Thật ra đây không phải là một bộ phim Tâm lý mà đây là một bộ phim viễn tưởng về Dị Nhân hay những kẻ ‘dị biệt’.Thế giới mà phim dùng làm bối cảnh là ở tương lai khi con người dần phát hiện ra một chủng loài mới. Đó là những người có khả năng đặc biệt như X-Men hay Siêu Anh Hùng. Người dị biệt sẽ bị chính phủ săn lùng và mang đi làm vật thí nghiệm, với câu slogan là những người này sẽ gây nguy hiểm cho nhân loại cần phải trừ khử.&nbsp;Gia đình của Chloe chính là người dị biệt, cha cô bé đã từng sử dụng năng lực làm ngưng đọng thời gian để bảo vệ hai cha con được an toàn. Freaks đã gây sự tò mò cho khán giả ngay từ lúc đầu. Phim đã cho chúng ta thấy rõ được bản chất của con người, và con người đã trở thành thứ mà người dị biệt vô cùng lo sợ khi phải đối mặt. Kỳ Quái là một câu chuyện bi thương về gia đình, họ đã hy sinh cho cuộc sống của nhau.', 'https://phimhaytvv.com/wp-content/uploads/2021/06/ky-quai.jpg', 'Phim chiếu rạp, Phim Hài hước, Phim Hành động, Phim Viễn tưởng', 'Full HD Vietsub', 'Mỹ - Châu Âu', 0, 2018, 'ky-quai', 'Phim hay tv, Phim Kỳ Quái, Phim Kỳ Quái 2018, Phim Kỳ Quái phimhaytvv, Phim mới, phim mới z, phim mới zz.net 2020, phim mới zz.net 2021, phim moizz.net 2020, phim moizz.net 2021, phim tvhay, phimhay, Phimhay.tv, phimhaytv, Phimhaytvv.com, phimmoi, phimmoi', 1, 'phimle'),
(38, 'Nữ Thần Rắn 2', 'Trong năm 2016, nền điện ảnh Thái Lan đã rộ lên một hiện tượng thú vị, đó là bộ phim truyền hình Nữ Thần Rắn. Khi vừa mới ra mắt thì phim đã nhanh chóng nằm trong top những bộ phim được tìm kiếm và có lượt theo dõi nhiều nhất trong năm. Ngoài ra phim còn nhận được rất nhiều sự quan tâm bởi khán giả.&nbsp;Do kết thúc của phần 1 còn khá dang dở nên mọi người đang mong chờ sự xuất hiện của phần tiếp theo. Đó cũng là một trong số những lý do khiến nhà sản xuất đã cho ra mắt phim Nakee 2 nhưng đây lại là phiên bản điện ảnh khiến không ít người xem cảm thấy tiếc nuối.Nữ Thần Rắn 2 &#8211; Nakee đã làm khuấy đảo trên mạng online ở xứ chùa vàng, ngay khi trailer được tung ra thì nó đã chiếm đóng trên toàn bộ mặt báo. Phim dự kiến sẽ được ra mắt vào cuối tháng 10 tại các rạp phim ở Thái Lan.Nội dung phim Nakee 2 sẽ tiếp tục câu chuyện ở phần trước, vẫn sẽ nói về cuộc sống và những câu chuyện kỳ bí liên quan đến Nữ thần rắn của chúng ta. Và sức mạnh đặc biệt của cô đã làm thay đổi một vài thứ.&nbsp;Cặp nhân vật chính của phần trước là Ken Phupoom và Taew Natapohn vẫn sẽ được xuất hiện trong phần 2 nhưng với một vai diễn khác. Để nhường chỗ cho cặp đôi đang hot tại Thái Lan hiện nay là Nadech Kugimiya và Yaya Urassaya. Dàn diễn viên của bộ phim vô cùng sáng giá, phim hứa hẹn sẽ không khiến người xem thất vọng.', 'https://phimhaytvv.com/wp-content/uploads/2021/06/nu-than-ran-2-nakee-2-15481446410464.jpg', 'Phim chiếu rạp, Phim Hành động, Phim Thần thoại', 'Full HD Vietsub', 'Thái Lan', 0, 2018, 'nu-than-ran-2', 'Phim hay tv, Phim mới, phim mới z, phim mới zz.net 2020, phim mới zz.net 2021, phim moizz.net 2020, phim moizz.net 2021, Phim Nữ Thần Rắn 2, Phim Nữ Thần Rắn 2 2018, Phim Nữ Thần Rắn 2 phimhaytvv, phim tvhay, phimhay, Phimhay.tv, phimhaytv, Phimhaytvv.com', 1, 'phimle'),
(39, 'Vòng Xoay Ảo', 'Vòng Xoay Ảo &#8211; The Circle sẽ đưa khán giả đi theo chân của Mae Holland (Emma Watson) &#8211; một nhân viên văn phòng quèn. Một hôm, cô được bạn thân giới thiệu đến Tập đoàn công nghệ The Circle do doanh nhân Eamon Bailey (Tom Hanks) sáng lập. Bằng đầu óc nhanh nhạy và sự cố gắng, Mae đã nhanh có được những bước tiến trong công việc. Sau đó cô đã trở thành ‘nhân viên triển vọng’ của Bailey và còn là gương mặt đại diện cho The Circle. Tuy nhiên, sau một thời gian, ứng dụng của The Circle lại có khuynh hướng xâm phạm đến quyền riêng tư của người dùng. Ngoài ra nó còn phát sinh thêm những hậu quả khôn lường.&nbsp;Các công nghệ hiện đại được xuất hiện trong The Circle rất mới mẻ. Nó có thể là một thiết bị ghi hình chỉ to bằng cái khuy áo, người dùng có thể livestream hành trình mỗi ngày của mình. Hoặc là một chiếc đồng hồ có công năng phiên dịch, luôn phát ra tín hiệu để bạn không bao giờ gặp phải nguy hiểm.&nbsp;Nhưng mà những thứ càng tiện dụng, vi diệu thì sẽ càng ẩn chứa nhiều mối nguy hiểm. Giống như trong Vòng Xoay Ảo, những người sáng lập đã cho rằng để thế giới tốt đẹp hơn thì phải loại bỏ sự riêng tư của một cá thể. Ngay từ khi bước vào The Circle thì Mae đã phải chấp nhận chia sẻ những điều riêng tư của bản thân. Cấp trên thì cứ luôn nói vào tai cô những mục tiêu cao cả mà nhân loại chúng ta đáng được hưởng. Đây là điều mâu thuẫn sẽ dẫn đến một loạt những bước ngoặc trong phim.&nbsp;The Circle còn là một lời cảnh tỉnh, sự mỉa mai về sự phát triển của công nghệ, một ngày nào đó nó sẽ khiến con người trở nên vô tình, tàn nhẫn. Cốt truyện của phim khá nông nhưng không mang nét tăm tối và u uất. The Circle không chỉ gắn mác là một công ty mà nó còn là một thế lực phản diện, đại diện cho một con quái vật vô cùng đáng sợ được tạo ra bởi những nạn nhân của nó.&nbsp;', 'https://phimhaytvv.com/wp-content/uploads/2021/06/vong-xoay-ao.jpg', 'Phim chiếu rạp, Phim Hành động, Phim Viễn tưởng', 'Full HD Vietsub', 'Mỹ - Châu Âu', 0, 2017, 'vong-xoay-ao', 'Phim hay tv, Phim mới, phim mới z, phim mới zz.net 2020, phim mới zz.net 2021, phim moizz.net 2020, phim moizz.net 2021, phim tvhay, Phim Vòng Xoay Ảo, Phim Vòng Xoay Ảo 2017, Phim Vòng Xoay Ảo phimhaytvv, phimhay, Phimhay.tv, phimhaytv, Phimhaytvv.com, p', 1, 'phimle');
INSERT INTO `film` (`id`, `fname`, `fdescription`, `fthumb`, `fcategory`, `fstatus`, `fcountry`, `fview`, `fyear`, `flink`, `ftag`, `fnum_episode`, `ftype`) VALUES
(40, 'Cuộc Săn Lùng Sản Vật', 'Zeek Earl đang là cái tên đầy triển vọng tỏa sáng của nền điện ảnh Âu Mỹ, dù anh còn khá trẻ nhưng anh đã để lại rất nhiều dấu ấn. Sự nghiệp của anh bắt đầu từ một vài kịch bản ngắn, từ đó anh đã bắt đầu nhận được nhiều sự chú ý của các đạo diễn hàng đầu.&nbsp;Do đó việc Zeek Earl được ngồi trên hàng ghế đạo diễn để chỉ đạo cho bộ phim Prospect chính là thành quả mà anh phải có được. Cuộc Săn Lùng Quái Vật được ra phát hành vào cuối năm 2018, phim đã nhanh chóng nhận được vô vàn những lời đánh giá tích cực từ giới chuyên môn phim, phim được hứa hẹn sẽ làm bàn đạp cho Zeek được tỏa sáng trong tương lai.Cuộc Săn Lùng Quái Vật là phim thuộc thể loại tội phạm &#8211; viễn tưởng, ngoài ra còn có sự tham gia của các diễn viên đáng chú ý như Sophie Thatcher, Pedro Pascal, Andre Royo, Anwan Glover, Luke Pitztrick….Những diễn viên trên đều không quá nổi bật nhưng họ đều có khả năng diễn xuất tốt và rất giàu kinh nghiệm.Nội dung phim Cuộc Săn Lùng Quái Vật nói về cuộc hành trình đi tìm báu vật của cô gái trẻ Cee và cha của cô trên một hành tinh xa xôi. Trong cuộc du hành đầy rủi ro đó, hai cha con đã quyết tâm phải thu về được thật nhiều sản vật và đá quý.&nbsp;Mọi chuyện tưởng chừng như ổn thỏa thì đột nhiên có một nhóm cướp xuất hiện, bọn chúng muốn chiếm toàn bộ những khoáng sản mà hai cha con đã khai thác. Để bảo vệ cho mình, Cee đã phải làm tất cả mọi cách để sinh tồn và không nhận được bất cứ sự giúp đỡ này từ người cha tham lam.', 'https://phimhaytvv.com/wp-content/uploads/2021/06/cuoc-san-lung-quai-vat.jpg', 'Phim chiếu rạp, Phim Hành động, Phim Kinh dị, Phim Phiêu lưu, Phim Viễn tưởng', 'Full HD Vietsub', 'Mỹ - Châu Âu', 0, 2018, 'cuoc-san-lung-san-vat', 'Phim Cuộc Săn Lùng Sản Vật, Phim Cuộc Săn Lùng Sản Vật 2018, Phim Cuộc Săn Lùng Sản Vật phimhaytvv, Phim hay tv, Phim mới, phim mới z, phim mới zz.net 2020, phim mới zz.net 2021, phim moizz.net 2020, phim moizz.net 2021, phim tvhay, phimhay, Phimhay.tv, p', 1, 'phimle'),
(41, 'Cỗ Máy Tử Thần', 'Cỗ Máy Tử Thần &#8211; Mortal Engines là một bộ phim bom tấn &#8211;&nbsp; khoa học viễn tưởng được ra mắt vào năm 2018. Phim đã mở ra một thế giới tương lai đầy mới mẻ, sự đấu tranh giữa hai thế lực là London và Shan Guo. Phim dựa trên quyển tiểu thuyết cùng tên của nhà văn Philip Reeve, do đạo diễn Christian Rivers đồng biên kịch và sản xuất.Mortal Engines là siêu phẩm được mong chờ nhất trong năm dù nó không được quảng bá quá rầm rộ như các phim cùng thời điểm. Mortal Engines có lẽ phải thực hiện từ năm 2008 nhưng phim đã phải nhường sân cho The Hobbit (2012).Phim lấy bối cảnh sinh hoạt của con người trên những thành phố di động. Hoặc có thể nói là con người hậu tận thế đang sống trên những cỗ máy không ngừng di chuyển. Sự tàn lụi của thiên nhiên đã khiến con người phải sống trong cảnh thiếu thốn lương thực và tài nguyên. Điều đó khiến chiến tranh không ngừng nổ ra để các thành phố lớn có thể thu nạp những đô thị nhỏ về phục vụ cư dân của nó. Một trong số những nỗi kinh hoàng đó chính là Thành phố Săn mồi London.Trong một lần đi săn, Hester Shaw đã đột nhập vào London để tiếp cận và giết chết Valentine. Vì hắn chính là kẻ thù đã giết chết mẹ cô là Pandora Shaw khi cô vừa tròn 8 tuổi. Nhưng cuộc ám sát đã thất bại nên Hester phải tiếp tục trốn chạy. Tom Natsworthy &#8211; một nhà khảo cổ và công dân hạ lưu của London cũng bị Valentine đẩy xuống hố, buộc phải rời khỏi quê hương.Sau đó cuộc hành trình lưu vong của Hester và Tom đã bắt đầu với nhiều biến cố, trong suốt thời gian đó, cả hai đã có cơ hội tìm hiểu và kể cho nhau nghe về chuyện của mình. Ngoài ra họ còn gặp được Liên minh Phản chuyển động Shan Guo &#8211; phe đối đầu với Thành phố Săn mồi London. Cuối cùng họ đã hợp tác với nhau để chống lại âm mưu thâu tóm của Valentine.', 'https://phimhaytvv.com/wp-content/uploads/2021/06/co-may-tu-than-1.jpg', 'Phim chiếu rạp, Phim Hành động, Phim Kinh dị, Phim Viễn tưởng', 'Full HD Vietsub', 'Mỹ - Châu Âu', 3, 2018, 'co-may-tu-than', 'Phim Cỗ Máy Tử Thần, Phim Cỗ Máy Tử Thần 2018, Phim Cỗ Máy Tử Thần phimhaytvv, Phim hay tv, Phim mới, phim mới z, phim mới zz.net 2020, phim mới zz.net 2021, phim moizz.net 2020, phim moizz.net 2021, phim tvhay, phimhay, Phimhay.tv, phimhaytv, Phimhaytvv.', 1, 'phimle'),
(42, 'Vỏ Bọc Người Máy', 'Trong phim Vỏ Bọc Người Máy &#8211; Quách Bích Đình nhập vai 2 đối tượng, người có nụ cười mùi mẫn và tâm địa đen tối giao hoà lẫn nhau! Sự việc truyền thuyết hoạ bì trong cổ đại giao thoa với khoa học viễn tưởng của tối tân, ai pk với trí lực nhân loại liệu ai có khả năng cười đến cùng đây ?', 'https://phimhaytvv.com/wp-content/uploads/2021/06/vo-boc-nguoi-may.jpg', 'Phim chiếu rạp, Phim Hành động, Phim Viễn tưởng', 'Full HD Vietsub', 'Trung Quốc', 2, 2020, 'vo-boc-nguoi-may', 'Phim hay tv, Phim mới, phim mới z, phim mới zz.net 2020, phim mới zz.net 2021, phim moizz.net 2020, phim moizz.net 2021, phim tvhay, Phim Vỏ Bọc Người Máy, Phim Vỏ Bọc Người Máy 2020, Phim Vỏ Bọc Người Máy phimhaytvv, phimhay, Phimhay.tv, phimhaytv, Phimh', 1, 'phimle'),
(43, 'Đại Thảm Họa Núi Baekdu', 'Đề tài thảm họa đang là một trong những thể loại phim được yêu thích nhất của Hàn Quốc. Như là phim The Flu (2013) – Đại dịch cúm hay Lối thoát trên không – The Exit (2019) nè. Mới đây xứ sở Kim Chi đã tiếp tục ra mắt bộ phim Đại thảm họa núi Baekdu – Ashfall.Nội dung phim nói về Núi Baekdu – ngọn núi lửa cao nhất ở bán đảo Triều Tiên. Nó nằm giữa biên giới với Trung Quốc đột nhiên bị phun trào, gây ra thiệt hại vô cùng nghiêm trọng. Theo ước tính của chuyên gia, sẽ còn những đợt phun trào khủng khiếp hơn. Do đó Hàn Quốc đã tổ chức một chiến dịch ăn cắp đầu đạn hạt nhân của Triều Tiên. Để nhằm tạo ra một vụ nổ ở dưới ngọn núi để ngăn cản thảm họa đáng sợ này. Liệu kế hoạch của họ có thể thành công?Phim hơi hư cấu, từ kế hoạch đến người thực hiện rồi diễn biến đều hết sức tào lao, khó chấp nhận. Đại thảm họa núi Baekdu bị cấm chiếu ở Việt Nam vì nó nói về chính trị nhiều quá. Phim chỉ tập trung vào biệt đội chính phủ Hàn Quốc giao nhiệm vụ xâm nhập bất hợp pháp vào nước hàng xóm để lấy cắp kho báu của họ.&nbsp;Phim hơi dìm hàng, thậm chí là bôi nhọ Triều Tiên, trong khi đó thì ca ngợi Hàn Quốc nhiều quá. Bên cạnh đó, phim này cũng truyền tải được thông điệp cho người xem.Phim không cảm động dù đã cố nhồi nhiều phân cảnh bi lụy, hi sinh vì đại nghiệp. ', 'https://phimhaytvv.com/wp-content/uploads/2021/06/tham-hoa-nui-baekdu.png', 'Phim chiếu rạp, Phim Hành động, Phim Phiêu lưu, Phim Viễn tưởng', 'Full HD Vietsub', 'Hàn Quốc', 0, 2020, 'dai-tham-hoa-nui-baekdu', 'Phim Đại Thảm Họa Núi Baekdu, Phim Đại Thảm Họa Núi Baekdu 2020, Phim Đại Thảm Họa Núi Baekdu phimhaytvv, Phim hay tv, Phim mới, phim mới z, phim mới zz.net 2020, phim mới zz.net 2021, phim moizz.net 2020, phim moizz.net 2021, phim tvhay, phimhay, Phimhay', 1, 'phimle'),
(44, 'Nhà nghỉ quỷ ám', 'Chính thức được khởi động vào tháng 10/2017 và bắt đầu bấm máy vào tháng 02/2018, The Lodge (2019) nhanh chóng nhận được sự quan tâm từ phía khán giả. Trước khi được phát hành rộng rãi tại các rạp thì phim được ra mắt toàn thế giới tại nhưng tác phẩm đã phần nào thể hiện được điểm nhấn quan trọng.Nội dung phim Nhà nghỉ quỷ ámPhim có tựa đề việt là Nhà Nghỉ Quỷ Ám&nbsp;(&nbsp;The Lodge ), thuộc thể loại tâm lý &amp; kinh dị, do Veronika Franz đảm nhận vai trò chỉ đạo sản xuất, nữ đao diễn tài năng người Áo. Ngoài ra, phim còn có sự tham gia của dàn diễn viên chất lượng hạng A&nbsp;với một số cái tên sáng giá như: Riley Keough, Jaeden Martell, Lia McHugh, Richard Amitage, Alicia Silverstone,.. Trong đó, vai nữ chính do ngôi sao Riley thủ vai, mặc dù mới 31 tuổi nhưng cô đã có những thành công vang dội trong sự nghiệp của mình.Nội dung phim xoay quanh câu chuyện đáng sợ mà Grace đã phải trải qua trong ngôi nhà tại vùng quê hẻo lánh. Câu chuyện bắt đầu từ lễ giáng sinh, Grace cùng 2 đứa con riêng của vị hôn thê đến thăm một ngôi làng xa xôi. Sau đó, họ thuê một nhà nghỉ bình dân để chuẩn bị cho khoảng thời gian vui chơi bên nhau tại đây. Tuy nhiên, những hiện tượng không thể giải thích được bắt đầu ập đến, dường như nó liên quan đến quá khứ của cô trong một giáo phái lạ.', 'https://phimhaytvv.com/wp-content/uploads/2021/08/nha-nghi-quy-am.jpg', 'Phim Kinh dị', 'HD vietsub', 'Mỹ', 0, 2019, 'nha-nghi-quy-am', 'Phim hay tv, phim moi, phim mới, phim mới z, phim mới zz.net 2020, phim mới zz.net 2021, phim mới.z, phim moizz.net 2020, phim moizz.net 2021, Phim Nhà nghỉ quỷ ám, Phim Nhà nghỉ quỷ ám 2019, Phim Nhà nghỉ quỷ ám phimhaytv, phimhay, Phimhay.tv, phimmoi, ', 1, 'phimle'),
(45, 'Tiểu thuyết kinh dị', 'Josephine Decker là nữ đạo diễn giàu kinh nghiệm người Anh, nhưng bà chưa để lại quá nhiều dấu ấn mang đậm nét trong làng điện ảnh Âu-Mỹ. Shirley chính là tác phẩm mới nhất mà J.Decker trực tiếp chỉ đạo sản xuất, nó được ra mắt vào đầu tháng 06/2020 và được khá nhiều khán giả quan tâm. Phim có sự tham gia của dàn diễn viên hạng A tương đối chất lượng với một số cái tên đáng chú ý như: Elisabeth Moss, Odessa Young, Michael Stuhlbarg, Logan Lerman, Victoria Pedretti,..Tuy nhiên, phim ra mắt đúng thời điểm điện ảnh thế giới đang gặp nhiều khó khăn nên không thể hiện được nhiều.Nội dung phim Tiểu thuyết kinh dịNội dung Tiểu Thuyết Kinh Dị xoay quanh nhà văn Shirley .Jackson, 1 người dành cả cuộc đời để sáng tác những tiểu thuyết kinh dị. Và rồi, sự xuất hiện của cặp vợ chồng mới cưới Fred và Rose đã tạo ra ngưồn cảm hứng cho cô và người chồng Stanley Hyman tạo ra một kiệt tác mới mẻ. Vốn là nhà phê bình văn học và giáo sư hiền lành, Stanley tạo được sự tin cậy tuyệt đối với đôi vợ chồng trẻ. Tuy nhiên, Stanley lại khá kỳ lạ và sẵn sàng làm mọi thứ để tác phẩm của mình trở nên hoàn hảo.', 'https://phimhaytvv.com/wp-content/uploads/2021/08/tieu-thuyet-kinh-di.jpg', 'Phim Kinh dị', 'HD vietsub', 'Mỹ', 0, 2020, 'tieu-thuyet-kinh-di', 'Phim hay tv, phim moi, phim mới, phim mới z, phim mới zz.net 2020, phim mới zz.net 2021, phim mới.z, phim moizz.net 2020, phim moizz.net 2021, Phim Tiểu thuyết kinh dị, Phim Tiểu thuyết kinh dị 2020, Phim Tiểu thuyết kinh dị phimhaytv, phimhay, Phimhay.t', 1, 'phimle'),
(46, 'Vương Triều Xác Sống: Ashin Phương Bắc', 'Vương triều xác sống: Ashin phương Bắc &#8211; Kingdom: Ashin of the North (2021) là tập đặc trưng trong phần mở mang của mùa hai series Vương triều xác sống. Tác phẩm do đạo diễn Kim Seong Hoon chịu trách nhiệm chỉ đạo đồng giám sát thời kỳ phân phối, mang phần kịch bản được chắp bút bởi biên kịch Kim Eun Hee.Nội dung phim Vương Triều Xác Sống: Ashin Phương BắcNgoài sự&nbsp;tham gia&nbsp;của Jun Ji Hyun trong vai Ashin, Ashin of the North còn&nbsp;có&nbsp;sự góp mặt của nam diễn viên Park Byung Eun. Anh đã từng tạo được sự ấn tượng&nbsp;mang&nbsp;vai võ tứng Min Chi Rok trung thành và&nbsp;giỏi&nbsp;võ nghệ. Anh đã luôn sát cánh&nbsp;cùng&nbsp;hoàng thái tử&nbsp;Lee Chang (Joo Ji-hoon) trong cuộc nội chiến&nbsp;tàn khốc,&nbsp;xoá sổ&nbsp;xác sống và&nbsp;đem lại&nbsp;thăng bình&nbsp;cho&nbsp;đất nước.Kingdom lấy bối cảnh thời Joseon vào năm 1392&nbsp;tới&nbsp;1910,&nbsp;đất nước&nbsp;khi&nbsp;này hứng chịu cảnh tàn phá do dịch bệnh, chiến tranh&nbsp;loạn lạc.&nbsp;hoàng thái tử&nbsp;Lee Chang&nbsp;phụ trách&nbsp;trọng trách nặng&nbsp;vật nài&nbsp;cứu vãn thần dân đang chìm trong dịch bệnh xác sống, lật đổ Vương Hậu&nbsp;tàn tệ,&nbsp;thâm độc&nbsp;để&nbsp;đem đến&nbsp;bình&nbsp;yên&nbsp;cho&nbsp;quần chúng.Cuối phần 2, Lee Chang đã phát hiện ra nguyên cớ dẫn tới dịch bệnh trên toàn đất nước là đến trong khoảng một loại cây với tên là trường sinh &#8211; do người môi giới bí mật trong khoảng Trung Quốc phát tán, nhân vật này được hé lộ có chiếc tên Ashin do Jun Ji Hyun thủ vai, mở ra cốt truyện mới cho tác phẩm Ashin phương Bắc.Bên cạnh đó', 'https://phimhaytvv.com/wp-content/uploads/2021/07/vuong-trieu-xac-song-ashin-phuong-bac.jpg', 'Phim Cổ trang, Phim Hành động, Phim Kinh dị, Phim Viễn tưởng', 'HD | VIETSUB', 'Hàn Quốc', 0, 2021, 'vuong-trieu-xac-song-ashin-phuong-bac', 'Phim mới, phim mới z, phim mới zz.net 2020, phim mới zz.net 2021, phim moizz.net 2020, phim moizz.net 2021, Phim Vương Triều Xác Sống: Ashin Phương Bắc, Phim Vương Triều Xác Sống: Ashin Phương Bắc 2021, Phim Vương Triều Xác Sống: Ashin Phương Bắc phimhayt', 1, 'phimle'),
(47, 'Bí mật người hầu gái', 'Cốt truyện nói về Joy &#8211; cô hầu gái mới đến nhận việc tại dinh thự giàu có. Khi làm việc tại đây, Joy thấy có một bóng ma hay xuất hiện quanh ngôi nhà trong khi những người khác không biết sự tồn tại của thế lực ấy. Điều gì sẽ xảy đến với Joy và bí mật gì đang phủ kín căn biệt thự này? Nội dung phim Bí mật người hầu gáiBí Mật Người Hầu Gái hay ngoài sức tưởng tượng, phim có một chút kinh dị đậm chất Thái, kèm một chút biến thái, tưng tửng của những kẻ tâm thần và màu sắc bạo lực. Plot twist được dàn dựng khá ổn, bất ngờ nối tiếp bất ngờ khiến người xem khó rời mắt khỏi màn hình. Nửa đầu của phim thuộc thể loại kinh dị hù dọa jump scared vừa phải, đủ sức khiến bạn giật mình xem một mình lúc đêm khuya.&nbsp;Nửa sau được xây dựng theo hướng giết người hàng loạt như các bộ phim sát nhân Nhật Bản, pha thêm một chút Joker cho khán giả nhiều cảm xúc. Lưu ý, độ máu me cuối phim khá nặng, bạn nào yếu tim cần cân nhắc nha. Cốt truyện được xây dựng chỉn chu, dù không mới nhưng vẫn cuốn hút khó cưỡng. Các nhân vật đều có đất diễn riêng – điều mà các bộ phim kinh dị còn khá yếu. Nhược điểmBí Mật Người Hầu Gái vẫn có những nhược điểm trong cốt truyện. Nhiều tình tiết còn mang nặng tính sắp đặt, vô lý và khó xảy ra. Nửa đầu phim còn khiến người xem bị ám ảnh, nhưng nửa sau thì không còn nữa mà chỉ đơn thuần là phim tâm lý kèm bạo lực mà thôi.Thông qua câu chuyện của mình, phim sẽ khiến bạn đặt ra nhiều câu hỏi mà không biết trả lời như thế nào. Thắc mắc liệu ai mới là người sai, người đáng trách trong phim này? Nhiều bạn hay đùa rằng bạn không thể chọn bố mẹ đẻ nhưng bạn có thể chọn bố mẹ vợ. Tuy có vợ giàu, công việc thành đạt chưa hẳn đã hạnh phúc, hoàn cảnh ấy rất dễ đẩy bạn vào những việc trái với lương tâm, khi trong nhà có những người hầu gái xinh đẹp.', 'https://phimhaytvv.com/wp-content/uploads/2021/08/BI-MAT-NGUOI-HAU-GAI.jpg', 'Phim Kinh dị', 'HD Vietsub', 'Thái Lan', 0, 2020, 'bi-mat-nguoi-hau-gai', 'Phim Bí mật người hầu gái, Phim Bí mật người hầu gái 2020, Phim Bí mật người hầu gái phimhaytv, Phim hay tv, phim moi, phim mới, phim mới z, phim mới zz.net 2020, phim mới zz.net 2021, phim mới.z, phim moizz.net 2020, phim moizz.net 2021, phimhay, Phimha', 1, 'phimle'),
(48, 'Hang quỷ phần 2', 'Jon Harris đã được đánh giá rất cao về tài năng của bản thân, anh từng đoạt giải Oscar về biên tập viên xuất sắc nhất, một giải thưởng được xem là vô cùng cao quý. Thực chất anh lại không quá mặn mà với nghiệp điện ảnh và vẫn chưa có thêm nhiều tác phẩm khác. Hang Quỷ 2 &#8211; The Descent Part 2 sẽ là một trong những bộ phim xây dựng nên tên tuổi của Jon, phim đã được ra mắt lần đầu tiên vào năm 2009 và là phần tiếp theo của phần 1. Mặc dù không đạt được thành công như trong kỳ vọng nhưng nó vẫn kịp để lại những dấu ấn trong lòng khán giả.Nội dung phim Hang quỷ phần 2Phim còn có sự tham gia của các diễn viên khá chất lượng như: Shauna Macdonald, Natalie Mendoza, Gavan Ơ&#8217;Herlihy, Josh Dallas, Anna Skellem,&#8230; Hang Quỷ Phần 2 là phim thuộc thể loại hành động nói về Sarah đã may mắn thoát khỏi được hang động kinh hoàng, nhưng sau đó cô lại bị rơi vào tình trạng hoảng loạn và không nhớ được gì cả.Sau đó, cô được đưa đến bệnh viện để chữa trị và khôi phục tâm lý, thì cảnh sát trưởng Vaines đã đến thăm Sarah thì phát hiện ra trên người của cô có máu của Juno. Để tìm thêm manh mối và truy lùng những người còn sống ở trong hang, Vaines đã quyết định sẽ cùng Sarah và ba chuyên gia về hang động là Dan, Greg và Cath đi quay ngược lại hang động đó một lần nữa.', 'https://phimhaytvv.com/wp-content/uploads/2021/08/hang-quy-2.jpg', 'Phim Kinh dị', 'HD vietsub', 'Mỹ', 0, 2009, 'hang-quy-phan-2', 'Phim Hang quỷ phần 2, Phim Hang quỷ phần 2 2009, Phim Hang quỷ phần 2 phimhaytv, Phim hay tv, phim moi, phim mới, phim mới z, phim mới zz.net 2020, phim mới zz.net 2021, phim mới.z, phim moizz.net 2020, phim moizz.net 2021, phimhay, Phimhay.tv, phimmoi, ', 1, 'phimle'),
(49, 'Không thấy ác quỷ 2', 'Jen và Sylvia là hai chị em ruột, họ đã cùng nhau bước chân vào điện ảnh và hai người đang rất được yêu thích nhờ dòng phim kinh dị. Ngoài ra, họ còn có đam mê theo đuổi nghề đạo diễn, Không Thấy Ác Quỷ 2 &#8211; See No Evil 2 chính là một trong những bộ phim đáng chú ý bậc nhất mà chị em nhà Soska đã đóng. Sau sự thành công của phần 1 thì phần 2 đã nhanh chóng nhận được sự quan tâm đặc biệt nhiều từ phía khán giả, phim đã chính thức được ra mắt vào năm 2014. Nhưng phim lại không đạt được những mong muốn như kỳ vọng và nó đã nhận phải nhiều ý kiến trái chiều.Nội dung phim Không thấy ác quỷ 2Không Thấy Ác Quỷ 2 là phim thuộc thể loại hành động &#8211; kinh dị, có sự tham gia của dàn diễn viên chất lượng gồm một số cái tên đáng chú ý là Katharine Isabelle, Danielle Harris, Chelan Simmons, Glenn .Jacobs, Kaj-Erik Eriksen,.. phim sẽ xoay quanh hành trình đi chiến đấu với một xác chết một mắt tàn bạo Jacob Goodnight của Amy và nhóm bạn thân.Câu chuyện bắt đầu từ sinh nhật Amy, mọi người đã rủ nhau đi đến nhà xác trong thành phố để trải nghiệm thử cảm giác mạnh. Mọi thứ vẫn diễn ra khá bình thường như dự kiến cho đến khi Jacob đột nhiên trỗi dậy, một xác chết to lớn, máu lạnh bỗng dưng tỉnh lại, hắn đã nghiền nát những gì nhìn thấy. Dưới tầng hầm lạnh lẽo, bữa tiệc của họ đã nhanh chóng biến thành bữa giết người kinh hoàng khi kẻ giết người hàng loạt nổi cơn thịnh nộ.', 'https://phimhaytvv.com/wp-content/uploads/2021/08/khong-thay-ac-quy.jpg', 'Phim Kinh dị', 'HD vietsub', 'Mỹ, Canada,', 1, 2014, 'khong-thay-ac-quy-2', 'Phim hay tv, Phim Không thấy ác quỷ 2, Phim Không thấy ác quỷ 2 2014, Phim Không thấy ác quỷ 2 phimhaytv, phim moi, phim mới, phim mới z, phim mới zz.net 2020, phim mới zz.net 2021, phim mới.z, phim moizz.net 2020, phim moizz.net 2021, phimhay, Phimhay.t', 1, 'phimle'),
(50, 'Thanh ma', 'Khâu Lễ Đào đã là một cái tên không mấy xa lạ gì với khán giả yêu thích những bộ phim của nền điện ảnh Hong Kong, ông đã được đánh giá là một đạo diễn tài năng bậc nhất của xứ cảng thơm, ông rất xuất sắc trong việc chỉ đạo mọi thể loại phim. Dòng phim kinh dị vẫn luôn là một thế mạnh của vị đạo diễn họ Khâu này, ông đã từng đứng sau cầm trịch rất nhiều tác phẩm đình đám. Và Thanh Ma &#8211; Nightmare chính là một ví dụ đáng được nhắc đến, sau khi nó chính thức được ra mắt vào năm 2012, đã nhanh chóng tạo một làn sóng ấn tượng mạnh với người xem.Nội dung phim Thanh maThanh Ma sẽ có sự đồng hành của một số Chuchu, Hai Tao,&#8230;Trong đó,&nbsp; người đang được chú ý nhất chắc chắn là nam tài tử Hoàng Hiên, nhưng người tạo được dấu ấn lại là người đẹp họ Tiết, cô đã xuất sắc và nhận được giải nữ diễn viên xuất sắc nhất. Nội dung tác phẩm Thanh Ma sẽ xoay quanh hành trình tìm kiếm về những giấc mơ kỳ lạ của Hao Dong và Eva.Sau những ngày làm việc mệt mỏi, Hao Dong lại không thể ngủ được và thường ra ban công hóng gió. Lần nào anh cũng nhìn thấy có một cô gái trẻ ở bên khu chung cư đối diện đang làm việc mặc dù trời đã rất muộn rồi. Vào một ngày nọ, anh đột nhiên nhìn thấy cô bị một kẻ mặc đồ đen sát hại và quăng xác xuống đường.Nhưng khi đến nơi thì Hao Dong lại không thấy dấu vết gì hết và biết rằng căn hộ của cô gái đã bỏ trống 1 tháng qua. Sau khi kể cho Eva nghe, cô nghĩ rằng nó liên quan đến quá khứ của Hao Dong, và quyết định cùng bạn trai đi tìm hiểu mọi chuyện.', 'https://phimhaytvv.com/wp-content/uploads/2021/08/Thanh-Ma-Nightmare-2012.jpg', 'Phim Kinh dị', 'HD vietsub', 'Hồng Kông', 0, 2012, 'thanh-ma', 'Phim hay tv, phim moi, phim mới, phim mới z, phim mới zz.net 2020, phim mới zz.net 2021, phim mới.z, phim moizz.net 2020, phim moizz.net 2021, Phim Thanh ma, Phim Thanh ma 2012, Phim Thanh ma phimhaytv, phimhay, Phimhay.tv, phimmoi, phimmoi net, phimmoi.', 1, 'phimle'),
(51, 'Oan hồn trong phòng', 'MacDonald Ray là nam diễn viên người Thái gốc Scotland, anh bắt đầu trở nên nổi tiếng vào cuối thập niên 90 và anh đã giành được một số giải thưởng cao quý khi vừa mới bước chân vào nghề. Nhưng mà con đường điện ảnh của Ray lại không thực sự quá thành công, dù anh sở hữu một khả năng diễn xuất rất tốt nhưng anh lại không thường xuyên xuất hiện quá nhiều trên các màn ảnh nhỏ. Oan Hồn Trong Phòng &#8211; Bong Srolanh 0un chính là một trong những bộ phim đáng chú ý nhất của nam tài tử 43 tuổi này trong thời gian gần đây. Ngoài ra, phim còn có sự góp mặt&nbsp; của một số gương mặt đáng chú ý như: Apittha Khlaiudom, Thodsapol Siriwiwat, Tanwarin Sukkhapisit, Akarin&nbsp;Nội dung phim Oan hồn trong phòngOan Hồn Trong Phòng là tác phẩm thuộc thể loại tâm lý &#8211; kinh dị, do đạo diễn Siwapor Pongsuwan chỉ đạo, phim sẽ kể về những câu chuyện kỳ lạ xuất hiện xung quanh nhà của nhà thiết kế đồ họa trẻ tuổi Dol. Sau khi công việc của Dol đã ổn định, Dol liền quyết định dọn đến một căn hộ sống riêng một mình cho thoải mái nhất.Nhưng anh đã nhanh chóng nhận ra những điều kỳ lạ, kinh sợ và bí ẩn đang xảy ra trong căn phòng của mình và anh đang cố gắng tìm hiểu sự thật đang xảy ra. Dường như có ai hoặc thứ gì đó đang hiện hữu trong căn phòng của anh, cho nên anh đã đến Campuchia để tìm hiểu xem điều gì đã xảy ra với cô gái đã từng ở trong căn phòng ma đó trước đây.', 'https://phimhaytvv.com/wp-content/uploads/2021/08/oan-hon-trong-phong.jpg', 'Phim Kinh dị', 'HD vietsub', 'Thái Lan', 12, 2015, 'oan-hon-trong-phong', 'Phim hay tv, phim moi, phim mới, phim mới z, phim mới zz.net 2020, phim mới zz.net 2021, phim mới.z, phim moizz.net 2020, phim moizz.net 2021, Phim Oan hồn trong phòng, Phim Oan hồn trong phòng 2015, Phim Oan hồn trong phòng phimhaytv, phimhay, Phimhay.t', 1, 'phimle'),
(52, 'Căn hộ ma quái', 'Căn Hộ Ma Quái &#8211; The Complex đang là một trong những bộ phim điện ảnh có kịch bản sáng tạo của Nhật Bản, nó đã nhận phải khá nhiều ý kiến trái chiều khác nhau sau khi được phát hành. Phim sẽ do đạo diễn kỳ cựu Hideo Nakata trực tiếp chỉ đạo, với sự tham gia của dàn diễn viên vô cùng chất lượng như: Atsuko Maeda, Hiroki Narimiya , Naomi Nishida,Ruiki Sato, Masanobu Katsumura,.. Nếu bạn yêu thích nền điện ảnh xứ hoa anh đào thì đây sẽ là tác phẩm đáng để bạn theo dõi.Nội dung phim Căn hộ ma quáiNội dung phim Căn Hộ Ma Quái 2013 sẽ xoay quanh nhân vật Asuka &#8211; một cô gái trẻ vô cùng bình thường và những câu chuyện ma quái, đáng sợ của cô, những thứ mà cô đã phải trải qua tại chỗ ở mới của mình. Sau khi chuyển đến căn nhà “Kuroyuri Danchi”, cô đã bắt đầu cảm thấy những thứ kỳ lạ đang diễn ra. Trước đó cô không hề biết rằng ở đây đã từng xảy ra nhiều cái chết bí ẩn trong 13 năm.&nbsp;Đầu tiên là những âm thanh kỳ quái từ những căn hộ lân cận, Asuka liền cảm thấy rất khó chịu và sợ hãi khi người hàng xóm lớn tuổi chết ở một căn hộ khác, từ đó lỗi ám ảnh ngày càng lớn dần trong cô. Cô đã nghi ngờ rằng người hàng xóm kia chết vì đang cố gắng liên hệ với một thứ gì đó. Vượt qua sự sợ hãi, Asuka đã tìm đến Sasahara &#8211; một người chuyên xử lý người chết và nhờ anh ta giúp đỡ.', 'https://phimhaytvv.com/wp-content/uploads/2021/08/Phim-Can-ho-ma-quai.jpg', 'Phim Kinh dị', 'HD vietsub', 'Nhật Bản', 0, 2013, 'can-ho-ma-quai', 'Phim Căn hộ ma quái, Phim Căn hộ ma quái 2013, Phim Căn hộ ma quái phimhaytv, Phim hay tv, phim moi, phim mới, phim mới z, phim mới zz.net 2020, phim mới zz.net 2021, phim mới.z, phim moizz.net 2020, phim moizz.net 2021, phimhay, Phimhay.tv, phimmoi, phi', 1, 'phimle'),
(53, 'Liên kết ma quái', 'Câu chuyện nói về một người mẹ đi thăm gia đình chồng sắp cưới &#8211; một cảm giác khó chịu mà bản năng của cha mẹ mới cảm thấy được. Phim Netflix đang ủng hộ tình yêu của người mẹ và cô đã chủ động cứu sống con gái khỏi  lời nguyền bí ẩn đang muốn cướp đi sinh mạng của cô ấy.Nội dung phimThe Binding 2020 là một bầu không khí kỳ lạ với cốt truyện thông thường, một ngôi biệt thự lớn được xem là ngôi nhà cổ đáng sợ đối với Emma. Kể từ khi Emma, Sofia và Francesco đến, Emma cảm thấy có điều gì không ổn. Hành vi kỳ lạ của Teresa và Sabrina, cảm giác như cô bị theo dõi.Phim bắt đầu với một nghi lễ đáng lo ngại làm tổn thương một phụ nữ trẻ khiến bạn cảm thấy rằng gia đình của Francesco không đúng. Khi Sofia bị tarantula cắn, mọi thứ bắt đầu vượt quá tầm kiểm soát. Quan hệ gia đình là cốt lõi của bộ phim, lần đầu tiên đến thăm mẹ chồng không dễ dàng và từ đầu đã rất mất lòng tin.&nbsp;Khi Teresa can thiệp vào sức khỏe của Sofia, đã khiến Emma càng thêm nghi ngờ. Bầu không khí gợi lên cảm giác khó chịu nghiêng về siêu nhiên, đối với một bộ phim bối cảnh gia đình, kỳ lạ khi họ không tương tác, không tìm hiểu nhau, không làm gì cả. Mọi cảnh quay đều tạo ra bầu không khí chủ yếu là những cảnh hù dọa và kỳ lạ về vùng nông thôn.Ngoài nghi thức lộn xộn, các yếu tố siêu nhiên không mới mẻ, một câu chuyện ma (không có ma) về một người phụ nữ bị oan. Chủ đề nổi bật nửa đầu của The Binding là sự hoài nghi, trong khi những nghi ngờ nổi lên, rõ ràng là các nhân vật đang cảm thấy không bình thường.', 'https://phimhaytvv.com/wp-content/uploads/2021/08/Lien-ket-ma-quai.jpg', 'Phim Kinh dị', 'HD vietsub', 'Italy', 6, 2020, 'lien-ket-ma-quai', 'Phim hay tv, Phim Liên kết ma quái, Phim Liên kết ma quái 2020, Phim Liên kết ma quái phimhaytv, phim moi, phim mới, phim mới z, phim mới zz.net 2020, phim mới zz.net 2021, phim mới.z, phim moizz.net 2020, phim moizz.net 2021, phimhay, Phimhay.tv, phimmo', 1, 'phimle');

-- --------------------------------------------------------

--
-- Cấu trúc bảng cho bảng `report_error`
--

CREATE TABLE `report_error` (
  `id` int(11) NOT NULL,
  `rpfrom` varchar(50) DEFAULT NULL COMMENT 'Tên người gửi',
  `error_detail` varchar(255) DEFAULT NULL COMMENT 'Nội dung báo lỗi',
  `timerp` datetime NOT NULL,
  `ip_address` varchar(25) DEFAULT NULL COMMENT 'Địa chỉ IP người gửi',
  `film` int(11) NOT NULL
) ENGINE=InnoDB DEFAULT CHARSET=utf8mb4;

-- --------------------------------------------------------

--
-- Cấu trúc bảng cho bảng `users`
--

CREATE TABLE `users` (
  `adminId` int(11) NOT NULL,
  `adminUser` varchar(150) NOT NULL COMMENT 'Email',
  `adminPass` varchar(100) NOT NULL COMMENT 'Mật khẩu',
  `status` int(11) NOT NULL DEFAULT 0 COMMENT 'Kích hoạt',
  `verify_code` varchar(50) NOT NULL COMMENT 'Mã kích hoạt',
  `reg_date` datetime NOT NULL
) ENGINE=InnoDB DEFAULT CHARSET=utf8mb4;

--
-- Đang đổ dữ liệu cho bảng `users`
--

INSERT INTO `users` (`adminId`, `adminUser`, `adminPass`, `status`, `verify_code`, `reg_date`) VALUES
(1, 'ndnhat1', '666fc8de6e4f69242f6c90f0b7be9b11', 1, 'k9AZR', '2021-09-06 18:57:46');

--
-- Chỉ mục cho các bảng đã đổ
--

--
-- Chỉ mục cho bảng `comment`
--
ALTER TABLE `comment`
  ADD PRIMARY KEY (`id`),
  ADD KEY `film` (`film`);

--
-- Chỉ mục cho bảng `episode`
--
ALTER TABLE `episode`
  ADD PRIMARY KEY (`id`),
  ADD KEY `movie` (`movie`);

--
-- Chỉ mục cho bảng `film`
--
ALTER TABLE `film`
  ADD PRIMARY KEY (`id`);

--
-- Chỉ mục cho bảng `report_error`
--
ALTER TABLE `report_error`
  ADD PRIMARY KEY (`id`),
  ADD KEY `film` (`film`);

--
-- Chỉ mục cho bảng `users`
--
ALTER TABLE `users`
  ADD PRIMARY KEY (`adminId`);

--
-- AUTO_INCREMENT cho các bảng đã đổ
--

--
-- AUTO_INCREMENT cho bảng `comment`
--
ALTER TABLE `comment`
  MODIFY `id` int(11) NOT NULL AUTO_INCREMENT, AUTO_INCREMENT=28;

--
-- AUTO_INCREMENT cho bảng `episode`
--
ALTER TABLE `episode`
  MODIFY `id` int(11) NOT NULL AUTO_INCREMENT, AUTO_INCREMENT=108;

--
-- AUTO_INCREMENT cho bảng `film`
--
ALTER TABLE `film`
  MODIFY `id` int(11) NOT NULL AUTO_INCREMENT, AUTO_INCREMENT=54;

--
-- AUTO_INCREMENT cho bảng `report_error`
--
ALTER TABLE `report_error`
  MODIFY `id` int(11) NOT NULL AUTO_INCREMENT, AUTO_INCREMENT=3;

--
-- AUTO_INCREMENT cho bảng `users`
--
ALTER TABLE `users`
  MODIFY `adminId` int(11) NOT NULL AUTO_INCREMENT, AUTO_INCREMENT=2;

--
-- Các ràng buộc cho các bảng đã đổ
--

--
-- Các ràng buộc cho bảng `comment`
--
ALTER TABLE `comment`
  ADD CONSTRAINT `comment_ibfk_1` FOREIGN KEY (`film`) REFERENCES `film` (`id`) ON DELETE CASCADE;

--
-- Các ràng buộc cho bảng `episode`
--
ALTER TABLE `episode`
  ADD CONSTRAINT `episode_ibfk_1` FOREIGN KEY (`movie`) REFERENCES `film` (`id`) ON DELETE CASCADE;

--
-- Các ràng buộc cho bảng `report_error`
--
ALTER TABLE `report_error`
  ADD CONSTRAINT `report_error_ibfk_1` FOREIGN KEY (`film`) REFERENCES `film` (`id`) ON DELETE CASCADE;
COMMIT;

/*!40101 SET CHARACTER_SET_CLIENT=@OLD_CHARACTER_SET_CLIENT */;
/*!40101 SET CHARACTER_SET_RESULTS=@OLD_CHARACTER_SET_RESULTS */;
/*!40101 SET COLLATION_CONNECTION=@OLD_COLLATION_CONNECTION */;
